County,Year,Age Group,Ethnicity,Gender,Number,Rate (per 10,000)
Alameda,2011,Under 18,african-american,all,780,195.1
Alameda,2011,under 18,all,all,2629,75.9
Alameda,2011,under 18,all,female,990,58.8
Alameda,2011,under 18,all,male,1639,92
Alameda,2011,Under 18,asian/pacific islander,all,312,35
Alameda,2011,Under 18,hispanic,all,756,66.5
Alameda,2011,Under 18,white,all,401,52.1
Alameda,2012,Under 18,african-american,all,950,237.7
Alameda,2012,under 18,all,all,2952,84.6
Alameda,2012,under 18,all,female,1079,63.9
Alameda,2012,under 18,all,male,1873,104
Alameda,2012,Under 18,american indian/alaskan native,all,5,
Alameda,2012,Under 18,asian/pacific islander,all,288,31.9
Alameda,2012,Under 18,hispanic,all,906,79.2
Alameda,2012,Under 18,white,all,417,53.8
Alameda,2013,Under 18,african-american,all,1089,276.1
Alameda,2013,under 18,all,all,3269,92.6
Alameda,2013,under 18,all,female,1244,73.3
Alameda,2013,under 18,all,male,2025,110.6
Alameda,2013,Under 18,american indian/alaskan native,all,7,
Alameda,2013,Under 18,asian/pacific islander,all,313,34
Alameda,2013,Under 18,hispanic,all,1060,93.3
Alameda,2013,Under 18,white,all,350,44.2
Alameda,2014,Under 18,african-american,all,1263,320.2
Alameda,2014,under 18,all,all,3590,101.8
Alameda,2014,under 18,all,female,1318,77.6
Alameda,2014,under 18,all,male,2272,124.2
Alameda,2014,Under 18,american indian/alaskan native,all,49,613.7
Alameda,2014,Under 18,asian/pacific islander,all,317,34.5
Alameda,2014,Under 18,hispanic,all,1177,103.3
Alameda,2014,Under 18,white,all,306,38.3
Alameda,2015,Under 18,african-american,all,1121,285.7
Alameda,2015,under 18,all,all,3426,96.7
Alameda,2015,under 18,all,female,1326,78
Alameda,2015,under 18,all,male,2100,113.9
Alameda,2015,Under 18,american indian/alaskan native,all,49,615.3
Alameda,2015,Under 18,asian/pacific islander,all,340,36.3
Alameda,2015,Under 18,hispanic,all,2263,57.7
Alameda,2015,Under 18,white,all,290,36.8
Amador,2011,under 18,all,all,53,91.7
Amador,2011,under 18,all,female,19,67.3
Amador,2011,under 18,all,male,34,117.7
Amador,2011,Under 18,white,all,46,113.1
Amador,2012,under 18,all,all,50,88
Amador,2012,under 18,all,female,14,48.9
Amador,2012,under 18,all,male,36,128.7
Amador,2012,Under 18,white,all,44,111
Amador,2013,under 18,all,all,52,91.9
Amador,2013,under 18,all,female,21,73
Amador,2013,under 18,all,male,31,112.9
Amador,2013,Under 18,white,all,47,119.4
Amador,2014,under 18,all,all,46,81.1
Amador,2014,under 18,all,female,20,70.2
Amador,2014,under 18,all,male,26,89.2
Amador,2014,Under 18,white,all,39,98.3
Amador,2015,under 18,all,all,45,85.1
Amador,2015,under 18,all,female,16,60.4
Amador,2015,under 18,all,male,29,111.9
Amador,2015,Under 18,hispanic,all,24,53.8
Amador,2015,Under 18,white,all,33,89.7
Butte,2011,Under 18,african-american,all,20,285
Butte,2011,under 18,all,all,295,63.8
Butte,2011,under 18,all,female,122,53.4
Butte,2011,under 18,all,male,173,74
Butte,2011,Under 18,american indian/alaskan native,all,6,
Butte,2011,Under 18,hispanic,all,69,61.8
Butte,2011,Under 18,white,all,190,69.5
Butte,2012,Under 18,african-american,all,22,330.2
Butte,2012,under 18,all,all,252,54.8
Butte,2012,under 18,all,female,103,45.5
Butte,2012,under 18,all,male,149,63.8
Butte,2012,Under 18,asian/pacific islander,all,7,
Butte,2012,Under 18,hispanic,all,36,32.1
Butte,2012,Under 18,white,all,179,66.4
Butte,2013,Under 18,african-american,all,19,308.9
Butte,2013,under 18,all,all,275,61.5
Butte,2013,under 18,all,female,115,52.3
Butte,2013,under 18,all,male,160,70.1
Butte,2013,Under 18,hispanic,all,47,46.5
Butte,2013,Under 18,white,all,196,73.4
Butte,2014,Under 18,african-american,all,28,450.3
Butte,2014,under 18,all,all,298,66.3
Butte,2014,under 18,all,female,121,54.9
Butte,2014,under 18,all,male,177,77.4
Butte,2014,Under 18,hispanic,all,59,58.8
Butte,2014,Under 18,white,all,193,72.1
Butte,2015,Under 18,african-american,all,28,479.5
Butte,2015,under 18,all,all,308,68.7
Butte,2015,under 18,all,female,124,56.3
Butte,2015,under 18,all,male,184,80.6
Butte,2015,Under 18,asian/pacific islander,all,7,
Butte,2015,Under 18,hispanic,all,121,33.5
Butte,2015,Under 18,white,all,199,74.4
Calaveras,2011,under 18,all,all,67,84.1
Calaveras,2011,under 18,all,female,26,65.4
Calaveras,2011,under 18,all,male,41,102.6
Calaveras,2011,Under 18,white,all,55,94.7
Calaveras,2012,under 18,all,all,36,46.5
Calaveras,2012,under 18,all,female,12,28.9
Calaveras,2012,under 18,all,male,24,62.1
Calaveras,2012,Under 18,white,all,30,52.1
Calaveras,2013,under 18,all,all,60,78.7
Calaveras,2013,under 18,all,female,21,58.9
Calaveras,2013,under 18,all,male,39,98
Calaveras,2013,Under 18,white,all,51,87.9
Calaveras,2014,under 18,all,all,66,87.3
Calaveras,2014,under 18,all,female,26,69.4
Calaveras,2014,under 18,all,male,40,103.2
Calaveras,2014,Under 18,hispanic,all,7,
Calaveras,2014,Under 18,white,all,56,99.4
Calaveras,2015,under 18,all,all,46,63
Calaveras,2015,under 18,all,female,19,55.5
Calaveras,2015,under 18,all,male,27,70.4
Calaveras,2015,Under 18,hispanic,all,21,37.7
Calaveras,2015,Under 18,white,all,34,61.5
Colusa,2011,under 18,all,all,32,49.4
Colusa,2011,under 18,all,female,5,
Colusa,2011,under 18,all,male,27,78.8
Colusa,2011,Under 18,hispanic,all,14,30.5
Colusa,2011,Under 18,white,all,16,108.6
Colusa,2012,under 18,all,all,29,47.5
Colusa,2012,under 18,all,female,14,48.4
Colusa,2012,under 18,all,male,15,46.9
Colusa,2012,Under 18,hispanic,all,18,41
Colusa,2012,Under 18,white,all,6,
Colusa,2013,under 18,all,all,38,62.5
Colusa,2013,under 18,all,female,11,
Colusa,2013,under 18,all,male,27,84.3
Colusa,2013,Under 18,hispanic,all,21,48.2
Colusa,2013,Under 18,white,all,16,111.8
Colusa,2014,under 18,all,all,39,63.7
Colusa,2014,under 18,all,female,12,40.2
Colusa,2014,under 18,all,male,27,84.5
Colusa,2014,Under 18,hispanic,all,26,58.5
Colusa,2014,Under 18,white,all,11,
Colusa,2015,under 18,all,all,48,77
Colusa,2015,under 18,all,female,14,47
Colusa,2015,under 18,all,male,34,104.4
Colusa,2015,Under 18,hispanic,all,54,34.9
Colusa,2015,Under 18,white,all,14,96.1
Contra Costa,2011,Under 18,african-american,all,667,285.4
Contra Costa,2011,under 18,all,all,2379,93.2
Contra Costa,2011,under 18,all,female,888,70.7
Contra Costa,2011,under 18,all,male,1491,114.8
Contra Costa,2011,Under 18,asian/pacific islander,all,154,46.2
Contra Costa,2011,Under 18,hispanic,all,851,96.1
Contra Costa,2011,Under 18,white,all,513,56.6
Contra Costa,2012,Under 18,african-american,all,729,320.9
Contra Costa,2012,under 18,all,all,2623,104.1
Contra Costa,2012,under 18,all,female,1004,81.1
Contra Costa,2012,under 18,all,male,1619,126
Contra Costa,2012,Under 18,american indian/alaskan native,all,5,
Contra Costa,2012,Under 18,asian/pacific islander,all,136,41.1
Contra Costa,2012,Under 18,hispanic,all,974,109.9
Contra Costa,2012,Under 18,white,all,515,58.5
Contra Costa,2013,Under 18,african-american,all,659,303.8
Contra Costa,2013,under 18,all,all,2251,91.5
Contra Costa,2013,under 18,all,female,850,70.1
Contra Costa,2013,under 18,all,male,1401,111.4
Contra Costa,2013,Under 18,american indian/alaskan native,all,9,
Contra Costa,2013,Under 18,asian/pacific islander,all,131,39.5
Contra Costa,2013,Under 18,hispanic,all,822,93.7
Contra Costa,2013,Under 18,white,all,419,49.2
Contra Costa,2014,Under 18,african-american,all,732,336
Contra Costa,2014,under 18,all,all,2371,96.1
Contra Costa,2014,under 18,all,female,939,77.4
Contra Costa,2014,under 18,all,male,1432,113.7
Contra Costa,2014,Under 18,american indian/alaskan native,all,8,
Contra Costa,2014,Under 18,asian/pacific islander,all,140,42.7
Contra Costa,2014,Under 18,hispanic,all,926,105.5
Contra Costa,2014,Under 18,white,all,359,41.9
Contra Costa,2015,Under 18,african-american,all,676,315.7
Contra Costa,2015,under 18,all,all,2330,95.2
Contra Costa,2015,under 18,all,female,906,75.6
Contra Costa,2015,under 18,all,male,1424,113.5
Contra Costa,2015,Under 18,american indian/alaskan native,all,,
Contra Costa,2015,Under 18,asian/pacific islander,all,133,39.9
Contra Costa,2015,Under 18,hispanic,all,1937,68.2
Contra Costa,2015,Under 18,white,all,409,48.9
Del Norte,2011,under 18,all,all,55,90
Del Norte,2011,under 18,all,female,28,91
Del Norte,2011,under 18,all,male,27,88.5
Del Norte,2011,Under 18,hispanic,all,,129.6
Del Norte,2011,Under 18,white,all,29,88.5
Del Norte,2012,under 18,all,all,48,81.4
Del Norte,2012,under 18,all,female,15,52.1
Del Norte,2012,under 18,all,male,33,109.6
Del Norte,2012,Under 18,hispanic,all,10,
Del Norte,2012,Under 18,white,all,33,105.4
Del Norte,2013,under 18,all,all,48,85.1
Del Norte,2013,under 18,all,female,27,98
Del Norte,2013,under 18,all,male,21,73.5
Del Norte,2013,Under 18,hispanic,all,12,87.5
Del Norte,2013,Under 18,white,all,31,102.9
Del Norte,2014,under 18,all,all,46,81.4
Del Norte,2014,under 18,all,female,21,78.6
Del Norte,2014,under 18,all,male,25,86.5
Del Norte,2014,Under 18,hispanic,all,8,
Del Norte,2014,Under 18,white,all,34,112.9
Del Norte,2015,under 18,all,all,49,85.2
Del Norte,2015,under 18,all,female,24,86
Del Norte,2015,under 18,all,male,25,85.5
Del Norte,2015,Under 18,hispanic,all,15,26.1
Del Norte,2015,Under 18,white,all,32,106.3
El Dorado,2011,Under 18,african-american,all,8,
El Dorado,2011,under 18,all,all,160,40.4
El Dorado,2011,under 18,all,female,64,32.9
El Dorado,2011,under 18,all,male,96,47.5
El Dorado,2011,Under 18,hispanic,all,16,18.9
El Dorado,2011,Under 18,white,all,125,45.6
El Dorado,2012,Under 18,african-american,all,13,530.6
El Dorado,2012,under 18,all,all,168,44.2
El Dorado,2012,under 18,all,female,78,40.7
El Dorado,2012,under 18,all,male,90,47.4
El Dorado,2012,Under 18,hispanic,all,33,41.8
El Dorado,2012,Under 18,white,all,117,44.3
El Dorado,2013,under 18,all,all,135,37.7
El Dorado,2013,under 18,all,female,53,29.7
El Dorado,2013,under 18,all,male,82,45.1
El Dorado,2013,Under 18,hispanic,all,40,51.7
El Dorado,2013,Under 18,white,all,90,37
El Dorado,2014,under 18,all,all,201,54
El Dorado,2014,under 18,all,female,90,48
El Dorado,2014,under 18,all,male,111,59.7
El Dorado,2014,Under 18,hispanic,all,36,45.2
El Dorado,2014,Under 18,white,all,114,45.9
El Dorado,2015,Under 18,african-american,all,5,
El Dorado,2015,under 18,all,all,170,46.8
El Dorado,2015,under 18,all,female,78,43.3
El Dorado,2015,under 18,all,male,92,50.1
El Dorado,2015,Under 18,hispanic,all,101,41.7
El Dorado,2015,Under 18,white,all,77,31.8
Fresno,2011,Under 18,african-american,all,322,238.5
Fresno,2011,under 18,all,all,3553,126.1
Fresno,2011,under 18,all,female,1334,96.9
Fresno,2011,under 18,all,male,2219,153.9
Fresno,2011,Under 18,american indian/alaskan native,all,5,
Fresno,2011,Under 18,asian/pacific islander,all,104,40.8
Fresno,2011,Under 18,hispanic,all,2338,130.8
Fresno,2011,Under 18,white,all,655,119.7
Fresno,2012,Under 18,african-american,all,390,288.9
Fresno,2012,under 18,all,all,3758,134.1
Fresno,2012,under 18,all,female,1346,98.6
Fresno,2012,under 18,all,male,2412,167.8
Fresno,2012,Under 18,asian/pacific islander,all,102,40.2
Fresno,2012,Under 18,hispanic,all,2469,139.1
Fresno,2012,Under 18,white,all,741,137.4
Fresno,2013,Under 18,african-american,all,362,266.7
Fresno,2013,under 18,all,all,3814,134.4
Fresno,2013,under 18,all,female,1403,101.8
Fresno,2013,under 18,all,male,2411,165
Fresno,2013,Under 18,american indian/alaskan native,all,5,
Fresno,2013,Under 18,asian/pacific islander,all,121,44.4
Fresno,2013,Under 18,hispanic,all,2527,141.9
Fresno,2013,Under 18,white,all,754,135.8
Fresno,2014,Under 18,african-american,all,7,
Fresno,2014,under 18,all,all,4368,154.5
Fresno,2014,under 18,all,female,1664,121
Fresno,2014,under 18,all,male,2704,186.1
Fresno,2014,Under 18,american indian/alaskan native,all,6,
Fresno,2014,Under 18,asian/pacific islander,all,130,47.9
Fresno,2014,Under 18,hispanic,all,2909,164
Fresno,2014,Under 18,white,all,758,137.3
Fresno,2015,Under 18,african-american,all,463,340.7
Fresno,2015,under 18,all,all,4482,156
Fresno,2015,under 18,all,female,1720,123.5
Fresno,2015,under 18,all,male,2762,186.1
Fresno,2015,Under 18,american indian/alaskan native,all,6,
Fresno,2015,Under 18,asian/pacific islander,all,146,52.7
Fresno,2015,Under 18,hispanic,all,4827,83.9
Fresno,2015,Under 18,white,all,731,129
Glenn,2011,under 18,all,all,42,53.1
Glenn,2011,under 18,all,female,11,
Glenn,2011,under 18,all,male,31,75.5
Glenn,2011,Under 18,hispanic,all,23,55.8
Glenn,2011,Under 18,white,all,19,60.4
Glenn,2012,under 18,all,all,32,41.5
Glenn,2012,under 18,all,female,18,48.2
Glenn,2012,under 18,all,male,14,35.1
Glenn,2012,Under 18,hispanic,all,14,34.1
Glenn,2012,Under 18,white,all,17,55.7
Glenn,2013,under 18,all,all,33,43.5
Glenn,2013,under 18,all,female,11,
Glenn,2013,under 18,all,male,22,56.4
Glenn,2013,Under 18,hispanic,all,15,36.8
Glenn,2013,Under 18,white,all,16,54.2
Glenn,2014,under 18,all,all,41,53.5
Glenn,2014,under 18,all,female,16,44
Glenn,2014,under 18,all,male,25,63.1
Glenn,2014,Under 18,hispanic,all,19,46.2
Glenn,2014,Under 18,white,all,20,66.9
Glenn,2015,under 18,all,all,39,51.8
Glenn,2015,under 18,all,female,14,38.5
Glenn,2015,under 18,all,male,25,62.9
Glenn,2015,Under 18,hispanic,all,39,33.9
Glenn,2015,Under 18,white,all,16,53.8
Humboldt,2011,Under 18,african-american,all,5,
Humboldt,2011,under 18,all,all,177,65
Humboldt,2011,under 18,all,female,66,50.1
Humboldt,2011,under 18,all,male,111,79.4
Humboldt,2011,Under 18,hispanic,all,17,36
Humboldt,2011,Under 18,white,all,135,80
Humboldt,2012,Under 18,african-american,all,11,
Humboldt,2012,under 18,all,all,221,82.8
Humboldt,2012,under 18,all,female,90,69.5
Humboldt,2012,under 18,all,male,131,95.4
Humboldt,2012,Under 18,american indian/alaskan native,all,13,64
Humboldt,2012,Under 18,asian/pacific islander,all,5,
Humboldt,2012,Under 18,hispanic,all,24,50.8
Humboldt,2012,Under 18,white,all,155,94.1
Humboldt,2013,Under 18,african-american,all,10,
Humboldt,2013,under 18,all,all,205,79.3
Humboldt,2013,under 18,all,female,84,67.1
Humboldt,2013,under 18,all,male,121,90.6
Humboldt,2013,Under 18,american indian/alaskan native,all,12,55.4
Humboldt,2013,Under 18,hispanic,all,37,78.7
Humboldt,2013,Under 18,white,all,137,86.5
Humboldt,2014,Under 18,african-american,all,510,377
Humboldt,2014,under 18,all,all,161,62.1
Humboldt,2014,under 18,all,female,67,52.9
Humboldt,2014,under 18,all,male,94,70.2
Humboldt,2014,Under 18,american indian/alaskan native,all,9,
Humboldt,2014,Under 18,hispanic,all,20,43.9
Humboldt,2014,Under 18,white,all,108,67.8
Humboldt,2015,Under 18,african-american,all,,
Humboldt,2015,under 18,all,all,153,59.3
Humboldt,2015,under 18,all,female,65,52.4
Humboldt,2015,under 18,all,male,88,65.9
Humboldt,2015,Under 18,american indian/alaskan native,all,13,58.4
Humboldt,2015,Under 18,hispanic,all,40,25.7
Humboldt,2015,Under 18,white,all,99,63.1
Imperial,2011,Under 18,african-american,all,10,
Imperial,2011,under 18,all,all,725,143.4
Imperial,2011,under 18,all,female,251,101.1
Imperial,2011,under 18,all,male,474,184.2
Imperial,2011,Under 18,asian/pacific islander,all,5,
Imperial,2011,Under 18,hispanic,all,638,142.5
Imperial,2011,Under 18,white,all,56,140.7
Imperial,2012,Under 18,african-american,all,16,308.2
Imperial,2012,under 18,all,all,762,152.5
Imperial,2012,under 18,all,female,258,105.8
Imperial,2012,under 18,all,male,504,197.6
Imperial,2012,Under 18,hispanic,all,583,131.7
Imperial,2012,Under 18,white,all,144,368.3
Imperial,2013,Under 18,african-american,all,16,281.4
Imperial,2013,under 18,all,all,709,136.3
Imperial,2013,under 18,all,female,254,100.8
Imperial,2013,under 18,all,male,455,170.2
Imperial,2013,Under 18,hispanic,all,586,127.8
Imperial,2013,Under 18,white,all,92,215.7
Imperial,2014,Under 18,african-american,all,11,
Imperial,2014,under 18,all,all,771,149.6
Imperial,2014,under 18,all,female,260,103.7
Imperial,2014,under 18,all,male,511,193.4
Imperial,2014,Under 18,hispanic,all,687,151.2
Imperial,2014,Under 18,white,all,58,136.4
Imperial,2015,Under 18,african-american,all,17,288.1
Imperial,2015,under 18,all,all,737,140.1
Imperial,2015,under 18,all,female,289,112.9
Imperial,2015,under 18,all,male,448,166
Imperial,2015,Under 18,hispanic,all,1139,70.4
Imperial,2015,Under 18,white,all,58,123.3
Inyo,2011,under 18,all,all,31,79.9
Inyo,2011,under 18,all,female,18,94.9
Inyo,2011,under 18,all,male,13,65.2
Inyo,2011,Under 18,american indian/alaskan native,all,10,
Inyo,2011,Under 18,hispanic,all,9,
Inyo,2011,Under 18,white,all,11,
Inyo,2012,under 18,all,all,32,86.7
Inyo,2012,under 18,all,female,8,
Inyo,2012,under 18,all,male,24,126.1
Inyo,2012,Under 18,american indian/alaskan native,all,9,
Inyo,2012,Under 18,white,all,13,82.6
Inyo,2013,under 18,all,all,30,82.5
Inyo,2013,under 18,all,female,10,
Inyo,2013,under 18,all,male,20,107
Inyo,2013,Under 18,american indian/alaskan native,all,9,
Inyo,2013,Under 18,white,all,11,
Inyo,2014,under 18,all,all,34,94.3
Inyo,2014,under 18,all,female,10,
Inyo,2014,under 18,all,male,24,127.8
Inyo,2014,Under 18,american indian/alaskan native,all,6,
Inyo,2014,Under 18,hispanic,all,14,104.1
Inyo,2014,Under 18,white,all,13,82.8
Inyo,2015,under 18,all,all,33,92
Inyo,2015,under 18,all,female,12,68.4
Inyo,2015,under 18,all,male,21,111.3
Inyo,2015,Under 18,american indian/alaskan native,all,7,
Inyo,2015,Under 18,hispanic,all,23,47.7
Inyo,2015,Under 18,white,all,9,
Kern,2011,Under 18,african-american,all,377,292.4
Kern,2011,under 18,all,all,2091,82.1
Kern,2011,under 18,all,female,805,64.6
Kern,2011,under 18,all,male,1286,98.8
Kern,2011,Under 18,asian/pacific islander,all,13,17.2
Kern,2011,Under 18,hispanic,all,1062,66.9
Kern,2011,Under 18,white,all,497,73.5
Kern,2012,Under 18,african-american,all,481,375.4
Kern,2012,under 18,all,all,2462,96.5
Kern,2012,under 18,all,female,880,70.7
Kern,2012,under 18,all,male,1582,121.3
Kern,2012,Under 18,asian/pacific islander,all,23,31.2
Kern,2012,Under 18,hispanic,all,1295,81.5
Kern,2012,Under 18,white,all,569,83.8
Kern,2013,Under 18,african-american,all,476,360.7
Kern,2013,under 18,all,all,2394,92.3
Kern,2013,under 18,all,female,914,72.7
Kern,2013,under 18,all,male,1480,110.7
Kern,2013,Under 18,asian/pacific islander,all,26,35.6
Kern,2013,Under 18,hispanic,all,1284,79.7
Kern,2013,Under 18,white,all,528,75.7
Kern,2014,Under 18,african-american,all,466,351.5
Kern,2014,under 18,all,all,2549,98.7
Kern,2014,under 18,all,female,959,76.6
Kern,2014,under 18,all,male,1590,119.6
Kern,2014,Under 18,asian/pacific islander,all,25,34
Kern,2014,Under 18,hispanic,all,1389,86.9
Kern,2014,Under 18,white,all,597,86.2
Kern,2015,Under 18,african-american,all,429,316.2
Kern,2015,under 18,all,all,2566,96.8
Kern,2015,under 18,all,female,887,69
Kern,2015,under 18,all,male,1679,123.2
Kern,2015,Under 18,asian/pacific islander,all,29,40
Kern,2015,Under 18,hispanic,all,2694,53.4
Kern,2015,Under 18,white,all,534,74.3
Kings,2011,Under 18,african-american,all,64,376.3
Kings,2011,under 18,all,all,595,138.3
Kings,2011,under 18,all,female,230,111.3
Kings,2011,under 18,all,male,365,164.3
Kings,2011,Under 18,hispanic,all,334,123
Kings,2011,Under 18,white,all,167,155.5
Kings,2012,Under 18,african-american,all,61,361.4
Kings,2012,under 18,all,all,587,140.1
Kings,2012,under 18,all,female,213,105.9
Kings,2012,under 18,all,male,374,172.6
Kings,2012,Under 18,hispanic,all,337,128.6
Kings,2012,Under 18,white,all,179,168.8
Kings,2013,Under 18,african-american,all,53,303.7
Kings,2013,under 18,all,all,558,131.9
Kings,2013,under 18,all,female,183,91
Kings,2013,under 18,all,male,375,170.4
Kings,2013,Under 18,hispanic,all,330,126.1
Kings,2013,Under 18,white,all,143,132.2
Kings,2014,Under 18,african-american,all,66,384.3
Kings,2014,under 18,all,all,587,138.8
Kings,2014,under 18,all,female,184,90.3
Kings,2014,under 18,all,male,403,184.5
Kings,2014,Under 18,asian/pacific islander,all,10,
Kings,2014,Under 18,hispanic,all,320,121.6
Kings,2014,Under 18,white,all,168,156.7
Kings,2015,Under 18,african-american,all,78,450.4
Kings,2015,under 18,all,all,615,143.4
Kings,2015,under 18,all,female,196,96.2
Kings,2015,under 18,all,male,419,187.8
Kings,2015,Under 18,hispanic,all,592,70.7
Kings,2015,Under 18,white,all,164,147.5
Lake,2011,Under 18,african-american,all,15,932.6
Lake,2011,under 18,all,all,123,91.8
Lake,2011,under 18,all,female,53,81.6
Lake,2011,under 18,all,male,70,101.5
Lake,2011,Under 18,american indian/alaskan native,all,6,
Lake,2011,Under 18,hispanic,all,23,54.6
Lake,2011,Under 18,white,all,77,100
Lake,2012,Under 18,african-american,all,9,
Lake,2012,under 18,all,all,109,83.8
Lake,2012,under 18,all,female,42,67.6
Lake,2012,under 18,all,male,67,98.7
Lake,2012,Under 18,hispanic,all,18,43.9
Lake,2012,Under 18,white,all,80,108.7
Lake,2013,Under 18,african-american,all,8,
Lake,2013,under 18,all,all,96,75.1
Lake,2013,under 18,all,female,39,63.4
Lake,2013,under 18,all,male,57,85.8
Lake,2013,Under 18,american indian/alaskan native,all,6,
Lake,2013,Under 18,hispanic,all,13,31.8
Lake,2013,Under 18,white,all,65,89.4
Lake,2014,Under 18,african-american,all,9,
Lake,2014,under 18,all,all,114,89.3
Lake,2014,under 18,all,female,39,63.8
Lake,2014,under 18,all,male,75,112.9
Lake,2014,Under 18,american indian/alaskan native,all,,
Lake,2014,Under 18,asian/pacific islander,all,8,
Lake,2014,Under 18,hispanic,all,18,44.4
Lake,2014,Under 18,white,all,74,101.5
Lake,2015,Under 18,african-american,all,,
Lake,2015,under 18,all,all,115,90.6
Lake,2015,under 18,all,female,46,74.9
Lake,2015,under 18,all,male,69,105.1
Lake,2015,Under 18,american indian/alaskan native,all,,
Lake,2015,Under 18,asian/pacific islander,all,5,
Lake,2015,Under 18,hispanic,all,79,70
Lake,2015,Under 18,white,all,73,101.7
Lassen,2011,under 18,all,all,29,49.8
Lassen,2011,under 18,all,female,8,
Lassen,2011,under 18,all,male,21,69.6
Lassen,2011,Under 18,white,all,24,58
Lassen,2012,under 18,all,all,30,53.6
Lassen,2012,under 18,all,female,9,
Lassen,2012,under 18,all,male,21,74.9
Lassen,2012,Under 18,white,all,25,61.6
Lassen,2013,under 18,all,all,37,67.3
Lassen,2013,under 18,all,female,13,46.5
Lassen,2013,under 18,all,male,24,86.6
Lassen,2013,Under 18,white,all,29,73.4
Lassen,2014,under 18,all,all,37,65.4
Lassen,2014,under 18,all,female,14,49.3
Lassen,2014,under 18,all,male,23,79.5
Lassen,2014,Under 18,white,all,31,75
Lassen,2015,under 18,all,all,33,59.7
Lassen,2015,under 18,all,female,11,
Lassen,2015,under 18,all,male,22,76.6
Lassen,2015,Under 18,hispanic,all,9,
Lassen,2015,Under 18,white,all,24,59.3
Los Angeles,2011,Under 18,african-american,all,4470,256.1
Los Angeles,2011,under 18,all,all,20328,87.2
Los Angeles,2011,under 18,all,female,7233,63.3
Los Angeles,2011,under 18,all,male,13095,110
Los Angeles,2011,Under 18,american indian/alaskan native,all,20,56.8
Los Angeles,2011,Under 18,asian/pacific islander,all,604,27.3
Los Angeles,2011,Under 18,hispanic,all,12072,82.8
Los Angeles,2011,Under 18,white,all,2292,57.3
Los Angeles,2012,Under 18,african-american,all,4705,275.7
Los Angeles,2012,under 18,all,all,20781,89.5
Los Angeles,2012,under 18,all,female,7216,63.5
Los Angeles,2012,under 18,all,male,13565,114.3
Los Angeles,2012,Under 18,american indian/alaskan native,all,16,45.8
Los Angeles,2012,Under 18,asian/pacific islander,all,691,31.2
Los Angeles,2012,Under 18,hispanic,all,12380,85
Los Angeles,2012,Under 18,white,all,2129,54
Los Angeles,2013,Under 18,african-american,all,4380,265.3
Los Angeles,2013,under 18,all,all,20386,87.9
Los Angeles,2013,under 18,all,female,7117,63.1
Los Angeles,2013,under 18,all,male,13269,111.3
Los Angeles,2013,Under 18,american indian/alaskan native,all,19,54.7
Los Angeles,2013,Under 18,asian/pacific islander,all,621,27.1
Los Angeles,2013,Under 18,hispanic,all,12498,85.7
Los Angeles,2013,Under 18,white,all,1968,50.8
Los Angeles,2014,Under 18,african-american,all,4571,277.1
Los Angeles,2014,under 18,all,all,20767,89.7
Los Angeles,2014,under 18,all,female,7415,65.8
Los Angeles,2014,under 18,all,male,13352,112.3
Los Angeles,2014,Under 18,american indian/alaskan native,all,17,49.8
Los Angeles,2014,Under 18,asian/pacific islander,all,650,28.3
Los Angeles,2014,Under 18,hispanic,all,12741,87.5
Los Angeles,2014,Under 18,white,all,1901,49
Los Angeles,2015,Under 18,african-american,all,4516,277.5
Los Angeles,2015,under 18,all,all,20540,88.7
Los Angeles,2015,under 18,all,female,7124,63.3
Los Angeles,2015,under 18,all,male,13416,112.5
Los Angeles,2015,Under 18,american indian/alaskan native,all,9,
Los Angeles,2015,Under 18,asian/pacific islander,all,670,28.3
Los Angeles,2015,Under 18,hispanic,all,25709,50
Los Angeles,2015,Under 18,white,all,1877,48.8
Madera,2011,Under 18,african-american,all,31,456.1
Madera,2011,under 18,all,all,613,142.2
Madera,2011,under 18,all,female,247,117.3
Madera,2011,under 18,all,male,366,165.8
Madera,2011,Under 18,hispanic,all,466,148.1
Madera,2011,Under 18,white,all,106,115.4
Madera,2012,Under 18,african-american,all,36,541.3
Madera,2012,under 18,all,all,662,155.5
Madera,2012,under 18,all,female,242,117.1
Madera,2012,under 18,all,male,420,192.1
Madera,2012,Under 18,asian/pacific islander,all,5,
Madera,2012,Under 18,hispanic,all,485,155.1
Madera,2012,Under 18,white,all,134,153.3
Madera,2013,Under 18,african-american,all,32,455.7
Madera,2013,under 18,all,all,492,113.3
Madera,2013,under 18,all,female,169,80.6
Madera,2013,under 18,all,male,323,144.2
Madera,2013,Under 18,hispanic,all,372,116.2
Madera,2013,Under 18,white,all,86,96.4
Madera,2014,Under 18,african-american,all,26,365.8
Madera,2014,under 18,all,all,602,138.8
Madera,2014,under 18,all,female,231,110.4
Madera,2014,under 18,all,male,371,165.8
Madera,2014,Under 18,asian/pacific islander,all,6,
Madera,2014,Under 18,hispanic,all,467,145.9
Madera,2014,Under 18,white,all,101,113.8
Madera,2015,Under 18,african-american,all,34,539.9
Madera,2015,under 18,all,all,586,133
Madera,2015,under 18,all,female,233,109.4
Madera,2015,under 18,all,male,353,155.7
Madera,2015,Under 18,hispanic,all,704,68.8
Madera,2015,Under 18,white,all,88,95.5
Marin,2011,Under 18,african-american,all,21,190.8
Marin,2011,under 18,all,all,227,43.2
Marin,2011,under 18,all,female,81,31.7
Marin,2011,under 18,all,male,146,54.2
Marin,2011,Under 18,asian/pacific islander,all,11,
Marin,2011,Under 18,hispanic,all,87,71.6
Marin,2011,Under 18,white,all,100,30.3
Marin,2012,Under 18,african-american,all,24,237.3
Marin,2012,under 18,all,all,196,37.8
Marin,2012,under 18,all,female,64,25.4
Marin,2012,under 18,all,male,132,49.5
Marin,2012,Under 18,asian/pacific islander,all,12,45.9
Marin,2012,Under 18,hispanic,all,65,50.5
Marin,2012,Under 18,white,all,84,26.7
Marin,2013,Under 18,african-american,all,18,186
Marin,2013,under 18,all,all,183,36.4
Marin,2013,under 18,all,female,69,28.1
Marin,2013,under 18,all,male,114,44.3
Marin,2013,Under 18,asian/pacific islander,all,7,
Marin,2013,Under 18,hispanic,all,61,47.5
Marin,2013,Under 18,white,all,84,28.2
Marin,2014,Under 18,african-american,all,27,258.1
Marin,2014,under 18,all,all,219,43.4
Marin,2014,under 18,all,female,85,33.9
Marin,2014,under 18,all,male,134,52.1
Marin,2014,Under 18,asian/pacific islander,all,11,
Marin,2014,Under 18,hispanic,all,77,59.6
Marin,2014,Under 18,white,all,92,30.2
Marin,2015,Under 18,african-american,all,17,171.5
Marin,2015,under 18,all,all,167,33.5
Marin,2015,under 18,all,female,54,22.4
Marin,2015,under 18,all,male,113,44
Marin,2015,Under 18,asian/pacific islander,all,6,
Marin,2015,Under 18,hispanic,all,118,27.2
Marin,2015,Under 18,white,all,72,24.9
Mariposa,2011,under 18,all,all,25,85.3
Mariposa,2011,under 18,all,female,9,
Mariposa,2011,under 18,all,male,16,107.8
Mariposa,2011,Under 18,white,all,20,91.4
Mariposa,2012,under 18,all,all,21,73.2
Mariposa,2012,under 18,all,female,9,
Mariposa,2012,under 18,all,male,12,83.1
Mariposa,2012,Under 18,white,all,17,80.4
Mariposa,2013,under 18,all,all,18,61.9
Mariposa,2013,under 18,all,female,9,
Mariposa,2013,under 18,all,male,9,
Mariposa,2013,Under 18,white,all,14,67
Mariposa,2014,under 18,all,all,9,
Mariposa,2014,under 18,all,female,54,59.4
Mariposa,2014,under 18,all,male,87,89.7
Mariposa,2014,Under 18,white,all,6,
Mariposa,2015,under 18,all,all,10,
Mariposa,2015,under 18,all,female,38,41.6
Mariposa,2015,under 18,all,male,92,93.9
Mariposa,2015,Under 18,hispanic,all,6,
Mariposa,2015,Under 18,white,all,7,
Mendocino,2011,under 18,all,all,141,73.6
Mendocino,2011,under 18,all,female,54,58.5
Mendocino,2011,under 18,all,male,87,87.2
Mendocino,2011,Under 18,american indian/alaskan native,all,8,
Mendocino,2011,Under 18,hispanic,all,54,69.9
Mendocino,2011,Under 18,white,all,76,82.2
Mendocino,2012,Under 18,african-american,all,5,
Mendocino,2012,under 18,all,all,141,73.8
Mendocino,2012,under 18,all,female,60,65
Mendocino,2012,under 18,all,male,81,81.9
Mendocino,2012,Under 18,american indian/alaskan native,all,5,
Mendocino,2012,Under 18,hispanic,all,44,57.8
Mendocino,2012,Under 18,white,all,77,85.1
Mendocino,2013,under 18,all,all,104,55.2
Mendocino,2013,under 18,all,female,39,43
Mendocino,2013,under 18,all,male,65,66.3
Mendocino,2013,Under 18,american indian/alaskan native,all,12,126
Mendocino,2013,Under 18,hispanic,all,36,46.9
Mendocino,2013,Under 18,white,all,50,55.4
Mendocino,2014,under 18,all,all,141,74.9
Mendocino,2014,under 18,all,female,344,90.2
Mendocino,2014,under 18,all,male,704,172.5
Mendocino,2014,Under 18,american indian/alaskan native,all,19,208
Mendocino,2014,Under 18,hispanic,all,49,64.3
Mendocino,2014,Under 18,white,all,57,63.2
Mendocino,2015,under 18,all,all,130,69
Mendocino,2015,under 18,all,female,413,107.8
Mendocino,2015,under 18,all,male,697,169.8
Mendocino,2015,Under 18,american indian/alaskan native,all,9,
Mendocino,2015,Under 18,hispanic,all,82,33.3
Mendocino,2015,Under 18,white,all,68,77
Merced,2011,Under 18,african-american,all,91,417.4
Merced,2011,under 18,all,all,891,110.7
Merced,2011,under 18,all,female,305,77.8
Merced,2011,under 18,all,male,586,141.8
Merced,2011,Under 18,asian/pacific islander,all,9,
Merced,2011,Under 18,hispanic,all,538,99.3
Merced,2011,Under 18,white,all,234,136.2
Merced,2012,Under 18,african-american,all,108,524.3
Merced,2012,under 18,all,all,979,122.7
Merced,2012,under 18,all,female,356,91.6
Merced,2012,under 18,all,male,623,152.2
Merced,2012,Under 18,asian/pacific islander,all,14,33.7
Merced,2012,Under 18,hispanic,all,617,115.5
Merced,2012,Under 18,white,all,232,128.8
Merced,2013,Under 18,african-american,all,79,452.4
Merced,2013,under 18,all,all,965,122.1
Merced,2013,under 18,all,female,352,91.9
Merced,2013,under 18,all,male,613,150.4
Merced,2013,Under 18,asian/pacific islander,all,13,29.2
Merced,2013,Under 18,hispanic,all,632,119.5
Merced,2013,Under 18,white,all,233,129.7
Merced,2014,Under 18,african-american,all,91,497.2
Merced,2014,under 18,all,all,1048,132.6
Merced,2014,under 18,all,female,8,
Merced,2014,under 18,all,male,7,
Merced,2014,Under 18,asian/pacific islander,all,18,43.3
Merced,2014,Under 18,hispanic,all,710,134.1
Merced,2014,Under 18,white,all,217,121.9
Merced,2015,Under 18,african-american,all,98,551.4
Merced,2015,under 18,all,all,1110,139.8
Merced,2015,under 18,all,female,7,
Merced,2015,under 18,all,male,12,126.2
Merced,2015,Under 18,asian/pacific islander,all,14,30.1
Merced,2015,Under 18,hispanic,all,1355,82.2
Merced,2015,Under 18,white,all,223,125.3
Modoc,2011,under 18,all,all,9,
Modoc,2011,under 18,all,male,6,
Modoc,2011,Under 18,white,all,7,
Modoc,2012,under 18,all,all,13,68.6
Modoc,2012,under 18,all,female,9,
Modoc,2012,Under 18,white,all,12,88.3
Modoc,2013,under 18,all,all,10,51.5
Modoc,2013,under 18,all,male,6,
Modoc,2013,Under 18,white,all,10,
Modoc,2014,under 18,all,all,15,74.9
Modoc,2014,under 18,all,male,5,
Modoc,2014,Under 18,white,all,10,
Modoc,2015,under 18,all,all,19,100.1
Modoc,2015,under 18,all,male,7,
Modoc,2015,Under 18,white,all,13,99.5
Mono,2011,under 18,all,all,6,
Mono,2011,under 18,all,female,5,
Mono,2012,under 18,all,all,8,
Mono,2012,under 18,all,female,5,
Mono,2013,under 18,all,all,9,29.5
Mono,2013,under 18,all,female,5,
Mono,2013,Under 18,hispanic,all,6,
Mono,2014,under 18,all,all,11,
Mono,2014,under 18,all,female,6,
Mono,2014,Under 18,hispanic,all,6,
Mono,2014,Under 18,white,all,5,
Mono,2015,under 18,all,all,16,52.7
Mono,2015,under 18,all,female,9,
Mono,2015,Under 18,hispanic,all,16,32
Mono,2015,Under 18,white,all,6,
Monterey,2011,Under 18,african-american,all,40,257.1
Monterey,2011,under 18,all,all,955,84.1
Monterey,2011,under 18,all,female,337,61.8
Monterey,2011,under 18,all,male,618,105.2
Monterey,2011,Under 18,asian/pacific islander,all,15,36.8
Monterey,2011,Under 18,hispanic,all,745,87.9
Monterey,2011,Under 18,white,all,98,51.7
Monterey,2012,Under 18,african-american,all,33,226.3
Monterey,2012,under 18,all,all,894,78.3
Monterey,2012,under 18,all,female,334,60.5
Monterey,2012,under 18,all,male,560,95
Monterey,2012,Under 18,asian/pacific islander,all,11,
Monterey,2012,Under 18,hispanic,all,715,82.9
Monterey,2012,Under 18,white,all,101,55
Monterey,2013,Under 18,african-american,all,39,284.9
Monterey,2013,under 18,all,all,989,85.6
Monterey,2013,under 18,all,female,361,65.5
Monterey,2013,under 18,all,male,628,104.3
Monterey,2013,Under 18,asian/pacific islander,all,7,
Monterey,2013,Under 18,hispanic,all,807,90.8
Monterey,2013,Under 18,white,all,94,53.7
Monterey,2014,Under 18,african-american,all,29,217.9
Monterey,2014,under 18,all,all,931,81
Monterey,2014,under 18,all,female,361,65.2
Monterey,2014,under 18,all,male,570,95.7
Monterey,2014,Under 18,asian/pacific islander,all,15,36.9
Monterey,2014,Under 18,hispanic,all,763,86.9
Monterey,2014,Under 18,white,all,84,47.6
Monterey,2015,Under 18,african-american,all,44,335.9
Monterey,2015,under 18,all,all,970,84.2
Monterey,2015,under 18,all,female,332,60
Monterey,2015,under 18,all,male,638,106.5
Monterey,2015,Under 18,asian/pacific islander,all,18,43.8
Monterey,2015,Under 18,hispanic,all,1393,51
Monterey,2015,Under 18,white,all,91,55
Napa,2011,Under 18,african-american,all,8,
Napa,2011,under 18,all,all,145,47.1
Napa,2011,under 18,all,female,55,36.9
Napa,2011,under 18,all,male,90,56.8
Napa,2011,Under 18,asian/pacific islander,all,7,
Napa,2011,Under 18,hispanic,all,73,47.4
Napa,2011,Under 18,white,all,50,42.8
Napa,2012,Under 18,african-american,all,8,
Napa,2012,under 18,all,all,158,51.6
Napa,2012,under 18,all,female,48,31.6
Napa,2012,under 18,all,male,110,70.7
Napa,2012,Under 18,asian/pacific islander,all,6,
Napa,2012,Under 18,hispanic,all,81,52.1
Napa,2012,Under 18,white,all,59,52.4
Napa,2013,Under 18,african-american,all,8,
Napa,2013,under 18,all,all,161,53.2
Napa,2013,under 18,all,female,61,41.1
Napa,2013,under 18,all,male,100,64.2
Napa,2013,Under 18,asian/pacific islander,all,10,
Napa,2013,Under 18,hispanic,all,94,59.8
Napa,2013,Under 18,white,all,44,40.1
Napa,2014,Under 18,african-american,all,,
Napa,2014,under 18,all,all,196,64.5
Napa,2014,under 18,all,female,76,51
Napa,2014,under 18,all,male,120,77.2
Napa,2014,Under 18,asian/pacific islander,all,9,
Napa,2014,Under 18,hispanic,all,101,64.3
Napa,2014,Under 18,white,all,65,59
Napa,2015,Under 18,african-american,all,,
Napa,2015,under 18,all,all,190,62.5
Napa,2015,under 18,all,female,78,52.6
Napa,2015,under 18,all,male,112,71.7
Napa,2015,Under 18,asian/pacific islander,all,11,
Napa,2015,Under 18,hispanic,all,168,32.4
Napa,2015,Under 18,white,all,65,59.6
Nevada,2011,under 18,all,all,118,66.3
Nevada,2011,under 18,all,female,33,36.8
Nevada,2011,under 18,all,male,85,94
Nevada,2011,Under 18,hispanic,all,13,42.7
Nevada,2011,Under 18,white,all,98,72.8
Nevada,2012,under 18,all,all,96,55.5
Nevada,2012,under 18,all,female,37,41.9
Nevada,2012,under 18,all,male,59,67.9
Nevada,2012,Under 18,hispanic,all,14,46.2
Nevada,2012,Under 18,white,all,76,57.8
Nevada,2013,under 18,all,all,61,37.7
Nevada,2013,under 18,all,female,15,19.3
Nevada,2013,under 18,all,male,46,54.8
Nevada,2013,Under 18,hispanic,all,5,
Nevada,2013,Under 18,white,all,53,44.7
Nevada,2014,under 18,all,all,66,39.1
Nevada,2014,under 18,all,female,29,35.4
Nevada,2014,under 18,all,male,37,42.6
Nevada,2014,Under 18,hispanic,all,9,
Nevada,2014,Under 18,white,all,49,39.8
Nevada,2015,under 18,all,all,79,47.9
Nevada,2015,under 18,all,female,23,27.4
Nevada,2015,under 18,all,male,56,66.8
Nevada,2015,Under 18,hispanic,all,14,15.1
Nevada,2015,Under 18,white,all,72,59.3
Orange,2011,Under 18,african-american,all,188,191.6
Orange,2011,under 18,all,all,3585,50
Orange,2011,under 18,all,female,1253,35.7
Orange,2011,under 18,all,male,2331,63.5
Orange,2011,Under 18,american indian/alaskan native,all,5,
Orange,2011,Under 18,asian/pacific islander,all,273,24.5
Orange,2011,Under 18,hispanic,all,1917,56.1
Orange,2011,Under 18,white,all,995,45
Orange,2012,Under 18,african-american,all,198,201.8
Orange,2012,under 18,all,all,4098,57.4
Orange,2012,under 18,all,female,1454,41.7
Orange,2012,under 18,all,male,2644,72.2
Orange,2012,Under 18,asian/pacific islander,all,267,24
Orange,2012,Under 18,hispanic,all,2191,64
Orange,2012,Under 18,white,all,1203,55.4
Orange,2013,Under 18,african-american,all,170,173.8
Orange,2013,under 18,all,all,3901,54.6
Orange,2013,under 18,all,female,1423,41
Orange,2013,under 18,all,male,2478,67.4
Orange,2013,Under 18,american indian/alaskan native,all,5,
Orange,2013,Under 18,asian/pacific islander,all,267,23.6
Orange,2013,Under 18,hispanic,all,2075,59.9
Orange,2013,Under 18,white,all,1112,52.6
Orange,2014,Under 18,african-american,all,188,191.6
Orange,2014,under 18,all,all,4044,56.7
Orange,2014,under 18,all,female,1454,42
Orange,2014,under 18,all,male,2590,70.5
Orange,2014,Under 18,american indian/alaskan native,all,,
Orange,2014,Under 18,asian/pacific islander,all,291,25.7
Orange,2014,Under 18,hispanic,all,2264,65.6
Orange,2014,Under 18,white,all,1086,51.6
Orange,2015,Under 18,african-american,all,212,216.7
Orange,2015,under 18,all,all,4279,59.7
Orange,2015,under 18,all,female,1489,43
Orange,2015,under 18,all,male,2790,75.3
Orange,2015,Under 18,american indian/alaskan native,all,6,
Orange,2015,Under 18,asian/pacific islander,all,288,25
Orange,2015,Under 18,hispanic,all,4274,36.5
Orange,2015,Under 18,white,all,1068,51
Placer,2011,Under 18,african-american,all,14,142.4
Placer,2011,under 18,all,all,313,37.1
Placer,2011,under 18,all,female,146,34.9
Placer,2011,under 18,all,male,167,39.2
Placer,2011,Under 18,asian/pacific islander,all,9,
Placer,2011,Under 18,hispanic,all,50,28.3
Placer,2011,Under 18,white,all,224,41.3
Placer,2012,Under 18,african-american,all,15,172
Placer,2012,under 18,all,all,306,37
Placer,2012,under 18,all,female,123,30.3
Placer,2012,under 18,all,male,183,43.2
Placer,2012,Under 18,asian/pacific islander,all,16,25.9
Placer,2012,Under 18,hispanic,all,47,26.1
Placer,2012,Under 18,white,all,211,40.6
Placer,2013,Under 18,african-american,all,15,170.8
Placer,2013,under 18,all,all,332,40.9
Placer,2013,under 18,all,female,115,28.6
Placer,2013,under 18,all,male,217,52.4
Placer,2013,Under 18,asian/pacific islander,all,21,35.4
Placer,2013,Under 18,hispanic,all,62,34.7
Placer,2013,Under 18,white,all,221,43.2
Placer,2014,Under 18,african-american,all,19,216.9
Placer,2014,under 18,all,all,330,40.3
Placer,2014,under 18,all,female,137,33.5
Placer,2014,under 18,all,male,193,46.6
Placer,2014,Under 18,asian/pacific islander,all,21,36.5
Placer,2014,Under 18,hispanic,all,55,31.1
Placer,2014,Under 18,white,all,230,44.7
Placer,2015,Under 18,african-american,all,21,240.7
Placer,2015,under 18,all,all,337,41.5
Placer,2015,under 18,all,female,139,34.6
Placer,2015,under 18,all,male,198,47.9
Placer,2015,Under 18,asian/pacific islander,all,12,19.9
Placer,2015,Under 18,hispanic,all,137,23.5
Placer,2015,Under 18,white,all,223,44
Plumas,2011,under 18,all,all,30,89.9
Plumas,2011,under 18,all,female,12,72.9
Plumas,2011,under 18,all,male,18,106.4
Plumas,2011,Under 18,white,all,25,102.7
Plumas,2012,under 18,all,all,27,82.5
Plumas,2012,under 18,all,female,6,
Plumas,2012,under 18,all,male,21,127.6
Plumas,2012,Under 18,white,all,23,96
Plumas,2013,under 18,all,all,29,89.3
Plumas,2013,under 18,all,female,12,75.2
Plumas,2013,under 18,all,male,17,103.7
Plumas,2013,Under 18,white,all,25,107
Plumas,2014,under 18,all,all,23,70.6
Plumas,2014,under 18,all,female,9,
Plumas,2014,under 18,all,male,14,83.9
Plumas,2014,Under 18,white,all,17,72.4
Plumas,2015,under 18,all,all,21,65.2
Plumas,2015,under 18,all,female,7,
Plumas,2015,under 18,all,male,14,85.2
Plumas,2015,Under 18,hispanic,all,21,134.6
Plumas,2015,Under 18,white,all,20,86.5
Riverside,2011,Under 18,african-american,all,776,223.8
Riverside,2011,under 18,all,all,4013,66
Riverside,2011,under 18,all,female,1459,48.5
Riverside,2011,under 18,all,male,2554,82.7
Riverside,2011,Under 18,american indian/alaskan native,all,11,
Riverside,2011,Under 18,asian/pacific islander,all,42,14.3
Riverside,2011,Under 18,hispanic,all,2012,55.5
Riverside,2011,Under 18,white,all,1004,64
Riverside,2012,Under 18,african-american,all,823,239.7
Riverside,2012,under 18,all,all,4028,66.9
Riverside,2012,under 18,all,female,1405,47.4
Riverside,2012,under 18,all,male,2623,85.5
Riverside,2012,Under 18,american indian/alaskan native,all,5,
Riverside,2012,Under 18,asian/pacific islander,all,73,26.1
Riverside,2012,Under 18,hispanic,all,2026,56.5
Riverside,2012,Under 18,white,all,918,59
Riverside,2013,Under 18,african-american,all,737,220
Riverside,2013,under 18,all,all,3824,63.7
Riverside,2013,under 18,all,female,1401,47.5
Riverside,2013,under 18,all,male,2422,78.9
Riverside,2013,Under 18,american indian/alaskan native,all,8,
Riverside,2013,Under 18,asian/pacific islander,all,63,22.5
Riverside,2013,Under 18,hispanic,all,1927,54.2
Riverside,2013,Under 18,white,all,931,59.2
Riverside,2014,Under 18,african-american,all,767,225.1
Riverside,2014,under 18,all,all,3947,65.6
Riverside,2014,under 18,all,female,1432,48.5
Riverside,2014,under 18,all,male,2515,81.7
Riverside,2014,Under 18,american indian/alaskan native,all,13,46.9
Riverside,2014,Under 18,asian/pacific islander,all,58,20.7
Riverside,2014,Under 18,hispanic,all,2010,56.3
Riverside,2014,Under 18,white,all,939,59.6
Riverside,2015,Under 18,african-american,all,760,223.9
Riverside,2015,under 18,all,all,3917,64.9
Riverside,2015,under 18,all,female,1444,48.8
Riverside,2015,under 18,all,male,2473,80
Riverside,2015,Under 18,american indian/alaskan native,all,14,49.6
Riverside,2015,Under 18,asian/pacific islander,all,75,25.9
Riverside,2015,Under 18,hispanic,all,4192,36.6
Riverside,2015,Under 18,white,all,924,58.1
Sacramento,2011,Under 18,african-american,all,920,241
Sacramento,2011,under 18,all,all,2895,79.8
Sacramento,2011,under 18,all,female,1034,58.4
Sacramento,2011,under 18,all,male,1861,100.3
Sacramento,2011,Under 18,american indian/alaskan native,all,10,
Sacramento,2011,Under 18,asian/pacific islander,all,192,35.7
Sacramento,2011,Under 18,hispanic,all,689,61
Sacramento,2011,Under 18,white,all,794,62.3
Sacramento,2012,Under 18,african-american,all,930,245.6
Sacramento,2012,under 18,all,all,2875,79.6
Sacramento,2012,under 18,all,female,1032,58.6
Sacramento,2012,under 18,all,male,1843,99.4
Sacramento,2012,Under 18,american indian/alaskan native,all,11,
Sacramento,2012,Under 18,asian/pacific islander,all,186,34.4
Sacramento,2012,Under 18,hispanic,all,734,65.9
Sacramento,2012,Under 18,white,all,720,56.6
Sacramento,2013,Under 18,african-american,all,1044,274.8
Sacramento,2013,under 18,all,all,3035,84
Sacramento,2013,under 18,all,female,1146,65.6
Sacramento,2013,under 18,all,male,1889,101.3
Sacramento,2013,Under 18,american indian/alaskan native,all,9,
Sacramento,2013,Under 18,asian/pacific islander,all,182,32.8
Sacramento,2013,Under 18,hispanic,all,815,74.4
Sacramento,2013,Under 18,white,all,715,56.4
Sacramento,2014,Under 18,african-american,all,1127,297.5
Sacramento,2014,under 18,all,all,3239,89.7
Sacramento,2014,under 18,all,female,1182,67.6
Sacramento,2014,under 18,all,male,2057,110.3
Sacramento,2014,Under 18,american indian/alaskan native,all,14,88
Sacramento,2014,Under 18,asian/pacific islander,all,219,39.8
Sacramento,2014,Under 18,hispanic,all,865,78.6
Sacramento,2014,Under 18,white,all,807,63.6
Sacramento,2015,Under 18,african-american,all,1165,308.1
Sacramento,2015,under 18,all,all,3285,90.8
Sacramento,2015,under 18,all,female,1224,70
Sacramento,2015,under 18,all,male,2061,110.1
Sacramento,2015,Under 18,american indian/alaskan native,all,14,87.4
Sacramento,2015,Under 18,asian/pacific islander,all,240,43.1
Sacramento,2015,Under 18,hispanic,all,2046,59.2
Sacramento,2015,Under 18,white,all,754,59.1
San Benito,2011,under 18,all,all,156,100.3
San Benito,2011,under 18,all,female,63,81.1
San Benito,2011,under 18,all,male,93,118
San Benito,2011,Under 18,hispanic,all,113,100.2
San Benito,2011,Under 18,white,all,35,100.6
San Benito,2012,under 18,all,all,109,70
San Benito,2012,under 18,all,female,50,64.3
San Benito,2012,under 18,all,male,59,75.4
San Benito,2012,Under 18,hispanic,all,74,64.4
San Benito,2012,Under 18,white,all,25,75.9
San Benito,2013,under 18,all,all,117,77.8
San Benito,2013,under 18,all,female,42,55.8
San Benito,2013,under 18,all,male,75,97.6
San Benito,2013,Under 18,hispanic,all,83,73.2
San Benito,2013,Under 18,white,all,32,110.4
San Benito,2014,under 18,all,all,117,77
San Benito,2014,under 18,all,female,47,63.4
San Benito,2014,under 18,all,male,70,90.8
San Benito,2014,Under 18,hispanic,all,88,76.6
San Benito,2014,Under 18,white,all,25,87.4
San Benito,2015,under 18,all,all,115,76.6
San Benito,2015,under 18,all,female,36,49.2
San Benito,2015,under 18,all,male,79,102.5
San Benito,2015,Under 18,hispanic,all,183,49.6
San Benito,2015,Under 18,white,all,29,105.3
San Bernardino,2011,Under 18,african-american,all,1359,283.5
San Bernardino,2011,under 18,all,all,5198,89.6
San Bernardino,2011,under 18,all,female,1803,63.4
San Bernardino,2011,under 18,all,male,3395,114.5
San Bernardino,2011,Under 18,american indian/alaskan native,all,9,
San Bernardino,2011,Under 18,asian/pacific islander,all,77,28.3
San Bernardino,2011,Under 18,hispanic,all,2323,65.2
San Bernardino,2011,Under 18,white,all,1199,94.1
San Bernardino,2012,Under 18,african-american,all,1473,309.9
San Bernardino,2012,under 18,all,all,5563,97
San Bernardino,2012,under 18,all,female,1940,69.2
San Bernardino,2012,under 18,all,male,3623,123.4
San Bernardino,2012,Under 18,american indian/alaskan native,all,5,
San Bernardino,2012,Under 18,asian/pacific islander,all,69,26.3
San Bernardino,2012,Under 18,hispanic,all,2535,72.1
San Bernardino,2012,Under 18,white,all,1164,92
San Bernardino,2013,Under 18,african-american,all,1403,295.8
San Bernardino,2013,under 18,all,all,5278,92.3
San Bernardino,2013,under 18,all,female,1810,65.1
San Bernardino,2013,under 18,all,male,3468,117.9
San Bernardino,2013,Under 18,american indian/alaskan native,all,7,
San Bernardino,2013,Under 18,asian/pacific islander,all,73,27.6
San Bernardino,2013,Under 18,hispanic,all,2507,72.2
San Bernardino,2013,Under 18,white,all,1018,78.7
San Bernardino,2014,Under 18,african-american,all,1369,289.9
San Bernardino,2014,under 18,all,all,5171,90.4
San Bernardino,2014,under 18,all,female,1851,66.5
San Bernardino,2014,under 18,all,male,3320,112.9
San Bernardino,2014,Under 18,american indian/alaskan native,all,6,
San Bernardino,2014,Under 18,asian/pacific islander,all,63,23.7
San Bernardino,2014,Under 18,hispanic,all,2435,69.9
San Bernardino,2014,Under 18,white,all,1000,77.3
San Bernardino,2015,Under 18,african-american,all,1168,247
San Bernardino,2015,under 18,all,all,5019,87.7
San Bernardino,2015,under 18,all,female,1764,63.4
San Bernardino,2015,under 18,all,male,3255,110.5
San Bernardino,2015,Under 18,american indian/alaskan native,all,27,164.2
San Bernardino,2015,Under 18,asian/pacific islander,all,69,26.5
San Bernardino,2015,Under 18,hispanic,all,5105,45.3
San Bernardino,2015,Under 18,white,all,953,73
San Diego,2011,Under 18,african-american,all,654,188.3
San Diego,2011,under 18,all,all,4755,65.2
San Diego,2011,under 18,all,female,1678,47.2
San Diego,2011,under 18,all,male,3077,82.4
San Diego,2011,Under 18,american indian/alaskan native,all,7,
San Diego,2011,Under 18,asian/pacific islander,all,246,36.4
San Diego,2011,Under 18,hispanic,all,2296,68.8
San Diego,2011,Under 18,white,all,1061,43.4
San Diego,2012,Under 18,african-american,all,701,204.8
San Diego,2012,under 18,all,all,5160,70.8
San Diego,2012,under 18,all,female,1911,53.9
San Diego,2012,under 18,all,male,3249,86.9
San Diego,2012,Under 18,american indian/alaskan native,all,8,
San Diego,2012,Under 18,asian/pacific islander,all,277,40.7
San Diego,2012,Under 18,hispanic,all,2534,75.7
San Diego,2012,Under 18,white,all,1104,45.4
San Diego,2013,Under 18,african-american,all,566,172.1
San Diego,2013,under 18,all,all,4816,65
San Diego,2013,under 18,all,female,1750,49
San Diego,2013,under 18,all,male,3066,80
San Diego,2013,Under 18,american indian/alaskan native,all,11,
San Diego,2013,Under 18,asian/pacific islander,all,228,32.6
San Diego,2013,Under 18,hispanic,all,2550,75.4
San Diego,2013,Under 18,white,all,993,39.5
San Diego,2014,Under 18,african-american,all,601,182.4
San Diego,2014,under 18,all,all,4571,61.8
San Diego,2014,under 18,all,female,1653,46.3
San Diego,2014,under 18,all,male,2918,76.2
San Diego,2014,Under 18,american indian/alaskan native,all,7,
San Diego,2014,Under 18,asian/pacific islander,all,250,35.7
San Diego,2014,Under 18,hispanic,all,2364,70
San Diego,2014,Under 18,white,all,922,36.9
San Diego,2015,Under 18,african-american,all,587,181.9
San Diego,2015,under 18,all,all,4616,62.1
San Diego,2015,under 18,all,female,1718,48
San Diego,2015,under 18,all,male,2898,75.3
San Diego,2015,Under 18,american indian/alaskan native,all,7,
San Diego,2015,Under 18,asian/pacific islander,all,235,33
San Diego,2015,Under 18,hispanic,all,4392,37.8
San Diego,2015,Under 18,white,all,913,36.2
San Francisco,2011,Under 18,african-american,all,154,209.1
San Francisco,2011,under 18,all,all,777,66.8
San Francisco,2011,under 18,all,female,294,51.1
San Francisco,2011,under 18,all,male,483,82.1
San Francisco,2011,Under 18,asian/pacific islander,all,158,44.6
San Francisco,2011,Under 18,hispanic,all,177,66.3
San Francisco,2011,Under 18,white,all,200,56.4
San Francisco,2012,Under 18,african-american,all,161,224
San Francisco,2012,under 18,all,all,830,68.6
San Francisco,2012,under 18,all,female,274,46.9
San Francisco,2012,under 18,all,male,556,89.4
San Francisco,2012,Under 18,american indian/alaskan native,all,6,
San Francisco,2012,Under 18,asian/pacific islander,all,140,39.3
San Francisco,2012,Under 18,hispanic,all,202,74.2
San Francisco,2012,Under 18,white,all,219,57.4
San Francisco,2013,Under 18,african-american,all,173,236
San Francisco,2013,under 18,all,all,810,62.3
San Francisco,2013,under 18,all,female,293,46.7
San Francisco,2013,under 18,all,male,517,77.1
San Francisco,2013,Under 18,american indian/alaskan native,all,6,
San Francisco,2013,Under 18,asian/pacific islander,all,133,35.8
San Francisco,2013,Under 18,hispanic,all,194,68.1
San Francisco,2013,Under 18,white,all,202,45.9
San Francisco,2014,Under 18,african-american,all,196,268.1
San Francisco,2014,under 18,all,all,860,68.3
San Francisco,2014,under 18,all,female,343,56.8
San Francisco,2014,under 18,all,male,517,79
San Francisco,2014,Under 18,american indian/alaskan native,all,,
San Francisco,2014,Under 18,asian/pacific islander,all,156,41.5
San Francisco,2014,Under 18,hispanic,all,251,92
San Francisco,2014,Under 18,white,all,150,35
San Francisco,2015,Under 18,african-american,all,186,252
San Francisco,2015,under 18,all,all,850,64.9
San Francisco,2015,under 18,all,female,334,52.3
San Francisco,2015,under 18,all,male,516,76.8
San Francisco,2015,Under 18,american indian/alaskan native,all,,
San Francisco,2015,Under 18,asian/pacific islander,all,179,45.3
San Francisco,2015,Under 18,hispanic,all,593,48.5
San Francisco,2015,Under 18,white,all,156,35.1
San Joaquin,2011,Under 18,african-american,all,347,244
San Joaquin,2011,under 18,all,all,1579,79.5
San Joaquin,2011,under 18,all,female,528,54.5
San Joaquin,2011,under 18,all,male,1051,103.4
San Joaquin,2011,Under 18,asian/pacific islander,all,85,33
San Joaquin,2011,Under 18,hispanic,all,682,66.8
San Joaquin,2011,Under 18,white,all,361,79.4
San Joaquin,2012,Under 18,african-american,all,373,265.3
San Joaquin,2012,under 18,all,all,1550,78.6
San Joaquin,2012,under 18,all,female,540,56.1
San Joaquin,2012,under 18,all,male,1010,99.9
San Joaquin,2012,Under 18,asian/pacific islander,all,102,40
San Joaquin,2012,Under 18,hispanic,all,628,62.1
San Joaquin,2012,Under 18,white,all,351,77.3
San Joaquin,2013,Under 18,african-american,all,440,304.1
San Joaquin,2013,under 18,all,all,1691,86.4
San Joaquin,2013,under 18,all,female,627,66
San Joaquin,2013,under 18,all,male,1064,105.5
San Joaquin,2013,Under 18,asian/pacific islander,all,125,48
San Joaquin,2013,Under 18,hispanic,all,696,69.9
San Joaquin,2013,Under 18,white,all,340,75.8
San Joaquin,2014,Under 18,african-american,all,447,310.1
San Joaquin,2014,under 18,all,all,1781,90.9
San Joaquin,2014,under 18,all,female,638,67
San Joaquin,2014,under 18,all,male,1143,113.5
San Joaquin,2014,Under 18,american indian/alaskan native,all,7,
San Joaquin,2014,Under 18,asian/pacific islander,all,97,37.4
San Joaquin,2014,Under 18,hispanic,all,802,80.3
San Joaquin,2014,Under 18,white,all,318,71.1
San Joaquin,2015,Under 18,african-american,all,491,335
San Joaquin,2015,under 18,all,all,1868,95.1
San Joaquin,2015,under 18,all,female,681,71.5
San Joaquin,2015,under 18,all,male,1187,117.1
San Joaquin,2015,Under 18,american indian/alaskan native,all,6,
San Joaquin,2015,Under 18,asian/pacific islander,all,109,41
San Joaquin,2015,Under 18,hispanic,all,1699,56.9
San Joaquin,2015,Under 18,white,all,330,73.5
San Luis Obispo,2011,Under 18,african-american,all,12,226.5
San Luis Obispo,2011,under 18,all,all,267,53.3
San Luis Obispo,2011,under 18,all,female,96,39
San Luis Obispo,2011,under 18,all,male,171,67.2
San Luis Obispo,2011,Under 18,hispanic,all,84,46.1
San Luis Obispo,2011,Under 18,white,all,152,55
San Luis Obispo,2012,Under 18,african-american,all,11,
San Luis Obispo,2012,under 18,all,all,276,55.3
San Luis Obispo,2012,under 18,all,female,108,43.9
San Luis Obispo,2012,under 18,all,male,168,66.3
San Luis Obispo,2012,Under 18,hispanic,all,101,54.6
San Luis Obispo,2012,Under 18,white,all,150,54.6
San Luis Obispo,2013,Under 18,african-american,all,8,
San Luis Obispo,2013,under 18,all,all,229,46.4
San Luis Obispo,2013,under 18,all,female,96,39.9
San Luis Obispo,2013,under 18,all,male,133,52.7
San Luis Obispo,2013,Under 18,hispanic,all,93,49.9
San Luis Obispo,2013,Under 18,white,all,113,42.4
San Luis Obispo,2014,Under 18,african-american,all,9,
San Luis Obispo,2014,under 18,all,all,271,54.7
San Luis Obispo,2014,under 18,all,female,105,43.3
San Luis Obispo,2014,under 18,all,male,166,65.6
San Luis Obispo,2014,Under 18,asian/pacific islander,all,5,
San Luis Obispo,2014,Under 18,hispanic,all,99,53
San Luis Obispo,2014,Under 18,white,all,141,52.5
San Luis Obispo,2015,Under 18,african-american,all,,
San Luis Obispo,2015,under 18,all,all,321,65
San Luis Obispo,2015,under 18,all,female,119,49.4
San Luis Obispo,2015,under 18,all,male,202,79.7
San Luis Obispo,2015,Under 18,hispanic,all,236,35.3
San Luis Obispo,2015,Under 18,white,all,141,53.4
San Mateo,2011,Under 18,african-american,all,48,144
San Mateo,2011,under 18,all,all,871,53.1
San Mateo,2011,under 18,all,female,353,44.2
San Mateo,2011,under 18,all,male,518,61.5
San Mateo,2011,Under 18,asian/pacific islander,all,131,34.5
San Mateo,2011,Under 18,hispanic,all,386,67.5
San Mateo,2011,Under 18,white,all,197,37.3
San Mateo,2012,Under 18,african-american,all,43,127.2
San Mateo,2012,under 18,all,all,824,49.8
San Mateo,2012,under 18,all,female,316,39.3
San Mateo,2012,under 18,all,male,508,59.8
San Mateo,2012,Under 18,asian/pacific islander,all,132,34
San Mateo,2012,Under 18,hispanic,all,361,63.2
San Mateo,2012,Under 18,white,all,182,34.1
San Mateo,2013,Under 18,african-american,all,46,131
San Mateo,2013,under 18,all,all,770,46.1
San Mateo,2013,under 18,all,female,297,37
San Mateo,2013,under 18,all,male,473,54.7
San Mateo,2013,Under 18,asian/pacific islander,all,84,20.7
San Mateo,2013,Under 18,hispanic,all,392,69.2
San Mateo,2013,Under 18,white,all,151,28.6
San Mateo,2014,Under 18,african-american,all,35,100
San Mateo,2014,under 18,all,all,867,51.9
San Mateo,2014,under 18,all,female,344,42.9
San Mateo,2014,under 18,all,male,523,60.3
San Mateo,2014,Under 18,asian/pacific islander,all,117,29.2
San Mateo,2014,Under 18,hispanic,all,401,70.6
San Mateo,2014,Under 18,white,all,188,35.6
San Mateo,2015,Under 18,african-american,all,38,107
San Mateo,2015,under 18,all,all,826,49.5
San Mateo,2015,under 18,all,female,319,39.9
San Mateo,2015,under 18,all,male,507,58.3
San Mateo,2015,Under 18,asian/pacific islander,all,96,23.4
San Mateo,2015,Under 18,hispanic,all,1154,58.3
San Mateo,2015,Under 18,white,all,198,37.3
Santa Barbara,2011,Under 18,african-american,all,20,168.2
Santa Barbara,2011,under 18,all,all,547,55.7
Santa Barbara,2011,under 18,all,female,210,43.5
Santa Barbara,2011,under 18,all,male,337,67.4
Santa Barbara,2011,Under 18,asian/pacific islander,all,5,
Santa Barbara,2011,Under 18,hispanic,all,360,57.4
Santa Barbara,2011,Under 18,white,all,154,55.2
Santa Barbara,2012,Under 18,african-american,all,30,258.7
Santa Barbara,2012,under 18,all,all,694,70.9
Santa Barbara,2012,under 18,all,female,270,56.4
Santa Barbara,2012,under 18,all,male,424,84.8
Santa Barbara,2012,Under 18,asian/pacific islander,all,10,
Santa Barbara,2012,Under 18,hispanic,all,480,76
Santa Barbara,2012,Under 18,white,all,163,60.4
Santa Barbara,2013,Under 18,african-american,all,29,252.5
Santa Barbara,2013,under 18,all,all,664,67.6
Santa Barbara,2013,under 18,all,female,267,55.7
Santa Barbara,2013,under 18,all,male,397,78.9
Santa Barbara,2013,Under 18,asian/pacific islander,all,13,42.7
Santa Barbara,2013,Under 18,hispanic,all,446,69.5
Santa Barbara,2013,Under 18,white,all,169,64.2
Santa Barbara,2014,Under 18,african-american,all,32,268.2
Santa Barbara,2014,under 18,all,all,673,68.8
Santa Barbara,2014,under 18,all,female,275,57.8
Santa Barbara,2014,under 18,all,male,398,79.2
Santa Barbara,2014,Under 18,asian/pacific islander,all,11,
Santa Barbara,2014,Under 18,hispanic,all,474,74.3
Santa Barbara,2014,Under 18,white,all,144,54.2
Santa Barbara,2015,Under 18,african-american,all,28,236.3
Santa Barbara,2015,under 18,all,all,689,70
Santa Barbara,2015,under 18,all,female,273,57
Santa Barbara,2015,under 18,all,male,416,82.1
Santa Barbara,2015,Under 18,asian/pacific islander,all,16,56.3
Santa Barbara,2015,Under 18,hispanic,all,921,42.6
Santa Barbara,2015,Under 18,white,all,141,54
Santa Clara,2011,Under 18,african-american,all,140,153.7
Santa Clara,2011,under 18,all,all,1895,43.1
Santa Clara,2011,under 18,all,female,646,30.3
Santa Clara,2011,under 18,all,male,1249,55.2
Santa Clara,2011,Under 18,asian/pacific islander,all,308,21.9
Santa Clara,2011,Under 18,hispanic,all,1016,62.6
Santa Clara,2011,Under 18,white,all,308,30
Santa Clara,2012,Under 18,african-american,all,125,135.5
Santa Clara,2012,under 18,all,all,1898,42.9
Santa Clara,2012,under 18,all,female,663,31
Santa Clara,2012,under 18,all,male,1235,54.1
Santa Clara,2012,Under 18,asian/pacific islander,all,279,19.7
Santa Clara,2012,Under 18,hispanic,all,1012,61.7
Santa Clara,2012,Under 18,white,all,345,33.8
Santa Clara,2013,Under 18,african-american,all,118,123.5
Santa Clara,2013,under 18,all,all,1806,40.5
Santa Clara,2013,under 18,all,female,643,29.9
Santa Clara,2013,under 18,all,male,1163,50.3
Santa Clara,2013,Under 18,american indian/alaskan native,all,6,
Santa Clara,2013,Under 18,asian/pacific islander,all,291,20.3
Santa Clara,2013,Under 18,hispanic,all,946,57.2
Santa Clara,2013,Under 18,white,all,314,31.1
Santa Clara,2014,Under 18,african-american,all,116,121
Santa Clara,2014,under 18,all,all,1853,41.5
Santa Clara,2014,under 18,all,female,651,30.3
Santa Clara,2014,under 18,all,male,1202,52.1
Santa Clara,2014,Under 18,american indian/alaskan native,all,,
Santa Clara,2014,Under 18,asian/pacific islander,all,335,23.4
Santa Clara,2014,Under 18,hispanic,all,982,59.4
Santa Clara,2014,Under 18,white,all,298,29.5
Santa Clara,2015,Under 18,african-american,all,103,102.9
Santa Clara,2015,under 18,all,all,1976,44.1
Santa Clara,2015,under 18,all,female,695,32.3
Santa Clara,2015,under 18,all,male,1281,55.2
Santa Clara,2015,Under 18,american indian/alaskan native,all,,
Santa Clara,2015,Under 18,asian/pacific islander,all,336,23.4
Santa Clara,2015,Under 18,hispanic,all,2872,54.5
Santa Clara,2015,Under 18,white,all,335,33.4
Santa Cruz,2011,under 18,all,all,367,66.1
Santa Cruz,2011,under 18,all,female,142,52.4
Santa Cruz,2011,under 18,all,male,225,79.2
Santa Cruz,2011,Under 18,hispanic,all,258,88.2
Santa Cruz,2011,Under 18,white,all,88,39.5
Santa Cruz,2012,Under 18,african-american,all,6,
Santa Cruz,2012,under 18,all,all,424,76
Santa Cruz,2012,under 18,all,female,170,62.6
Santa Cruz,2012,under 18,all,male,254,88.7
Santa Cruz,2012,Under 18,asian/pacific islander,all,5,
Santa Cruz,2012,Under 18,hispanic,all,277,93.3
Santa Cruz,2012,Under 18,white,all,130,59.4
Santa Cruz,2013,under 18,all,all,386,68.7
Santa Cruz,2013,under 18,all,female,165,60.8
Santa Cruz,2013,under 18,all,male,221,76.3
Santa Cruz,2013,Under 18,hispanic,all,281,92.8
Santa Cruz,2013,Under 18,white,all,96,44.9
Santa Cruz,2014,Under 18,african-american,all,5,
Santa Cruz,2014,under 18,all,all,375,67
Santa Cruz,2014,under 18,all,female,140,51.8
Santa Cruz,2014,under 18,all,male,235,81.2
Santa Cruz,2014,Under 18,hispanic,all,283,94.3
Santa Cruz,2014,Under 18,white,all,81,38.1
Santa Cruz,2015,Under 18,african-american,all,5,
Santa Cruz,2015,under 18,all,all,343,60.8
Santa Cruz,2015,under 18,all,female,133,48.9
Santa Cruz,2015,under 18,all,male,209,71.6
Santa Cruz,2015,Under 18,hispanic,all,441,45.6
Santa Cruz,2015,Under 18,white,all,63,29.7
Shasta,2011,Under 18,african-american,all,15,342.6
Shasta,2011,under 18,all,all,284,73.2
Shasta,2011,under 18,all,female,101,53.1
Shasta,2011,under 18,all,male,183,92.3
Shasta,2011,Under 18,american indian/alaskan native,all,5,
Shasta,2011,Under 18,hispanic,all,20,34.2
Shasta,2011,Under 18,white,all,233,84.9
Shasta,2012,Under 18,african-american,all,14,321.2
Shasta,2012,under 18,all,all,267,68.8
Shasta,2012,under 18,all,female,110,58.1
Shasta,2012,under 18,all,male,157,79
Shasta,2012,Under 18,american indian/alaskan native,all,9,
Shasta,2012,Under 18,asian/pacific islander,all,6,
Shasta,2012,Under 18,hispanic,all,13,20.4
Shasta,2012,Under 18,white,all,221,81
Shasta,2013,Under 18,african-american,all,18,478.5
Shasta,2013,under 18,all,all,281,73.4
Shasta,2013,under 18,all,female,101,54.8
Shasta,2013,under 18,all,male,180,90.8
Shasta,2013,Under 18,hispanic,all,27,47
Shasta,2013,Under 18,white,all,212,78.5
Shasta,2014,Under 18,african-american,all,,
Shasta,2014,under 18,all,all,312,81.3
Shasta,2014,under 18,all,female,126,68.1
Shasta,2014,under 18,all,male,186,93.5
Shasta,2014,Under 18,american indian/alaskan native,all,6,
Shasta,2014,Under 18,asian/pacific islander,all,8,
Shasta,2014,Under 18,hispanic,all,26,47.4
Shasta,2014,Under 18,white,all,237,87.7
Shasta,2015,Under 18,african-american,all,7,
Shasta,2015,under 18,all,all,300,78.1
Shasta,2015,under 18,all,female,125,67.5
Shasta,2015,under 18,all,male,175,88.2
Shasta,2015,Under 18,american indian/alaskan native,all,8,
Shasta,2015,Under 18,asian/pacific islander,all,7,
Shasta,2015,Under 18,hispanic,all,64,33.5
Shasta,2015,Under 18,white,all,221,81.3
Sierra,2011,under 18,all,all,5,
Sierra,2011,Under 18,white,all,5,
Siskiyou,2011,under 18,all,all,42,46.8
Siskiyou,2011,under 18,all,female,9,
Siskiyou,2011,under 18,all,male,33,69.9
Siskiyou,2011,Under 18,american indian/alaskan native,all,5,
Siskiyou,2011,Under 18,white,all,32,54.5
Siskiyou,2012,under 18,all,all,42,47
Siskiyou,2012,under 18,all,female,17,39.9
Siskiyou,2012,under 18,all,male,25,54.3
Siskiyou,2012,Under 18,white,all,29,50.1
Siskiyou,2013,under 18,all,all,44,50.9
Siskiyou,2013,under 18,all,female,19,46
Siskiyou,2013,under 18,all,male,25,55.4
Siskiyou,2013,Under 18,hispanic,all,8,
Siskiyou,2013,Under 18,white,all,29,52.3
Siskiyou,2014,under 18,all,all,46,53
Siskiyou,2014,under 18,all,female,20,47.6
Siskiyou,2014,under 18,all,male,26,57.6
Siskiyou,2014,Under 18,hispanic,all,9,
Siskiyou,2014,Under 18,white,all,30,52.8
Siskiyou,2015,under 18,all,all,43,50.4
Siskiyou,2015,under 18,all,female,14,34.3
Siskiyou,2015,under 18,all,male,29,65.1
Siskiyou,2015,Under 18,hispanic,all,12,22.7
Siskiyou,2015,Under 18,white,all,30,54.6
Solano,2011,Under 18,african-american,all,416,330
Solano,2011,under 18,all,all,1056,107.4
Solano,2011,under 18,all,female,416,86.6
Solano,2011,under 18,all,male,640,126.9
Solano,2011,Under 18,american indian/alaskan native,all,5,
Solano,2011,Under 18,asian/pacific islander,all,66,57
Solano,2011,Under 18,hispanic,all,254,71.5
Solano,2011,Under 18,white,all,253,89.6
Solano,2012,Under 18,african-american,all,402,327.1
Solano,2012,under 18,all,all,1063,109.3
Solano,2012,under 18,all,female,406,85.7
Solano,2012,under 18,all,male,657,131.5
Solano,2012,Under 18,asian/pacific islander,all,87,74.9
Solano,2012,Under 18,hispanic,all,268,77.8
Solano,2012,Under 18,white,all,241,85.4
Solano,2013,Under 18,african-american,all,376,319.5
Solano,2013,under 18,all,all,966,100.5
Solano,2013,under 18,all,female,347,74.1
Solano,2013,under 18,all,male,619,124.9
Solano,2013,Under 18,american indian/alaskan native,all,5,
Solano,2013,Under 18,asian/pacific islander,all,57,49.1
Solano,2013,Under 18,hispanic,all,243,70.9
Solano,2013,Under 18,white,all,221,78.8
Solano,2014,Under 18,african-american,all,435,372
Solano,2014,under 18,all,all,1095,113.9
Solano,2014,under 18,all,female,401,86
Solano,2014,under 18,all,male,694,139.6
Solano,2014,Under 18,american indian/alaskan native,all,9,
Solano,2014,Under 18,asian/pacific islander,all,66,55.6
Solano,2014,Under 18,hispanic,all,283,83.1
Solano,2014,Under 18,white,all,242,87.1
Solano,2015,Under 18,african-american,all,424,374
Solano,2015,under 18,all,all,1141,119.4
Solano,2015,under 18,all,female,461,99.7
Solano,2015,under 18,all,male,680,137.4
Solano,2015,Under 18,american indian/alaskan native,all,,
Solano,2015,Under 18,asian/pacific islander,all,61,50.7
Solano,2015,Under 18,hispanic,all,656,59.3
Solano,2015,Under 18,white,all,248,89
Sonoma,2011,Under 18,african-american,all,44,281.2
Sonoma,2011,under 18,all,all,633,60.5
Sonoma,2011,under 18,all,female,226,44.3
Sonoma,2011,under 18,all,male,407,75.9
Sonoma,2011,Under 18,asian/pacific islander,all,20,56.5
Sonoma,2011,Under 18,hispanic,all,284,64.2
Sonoma,2011,Under 18,white,all,263,53.4
Sonoma,2012,Under 18,african-american,all,45,288.8
Sonoma,2012,under 18,all,all,600,57.6
Sonoma,2012,under 18,all,female,224,44.1
Sonoma,2012,under 18,all,male,376,70.4
Sonoma,2012,Under 18,asian/pacific islander,all,13,39.3
Sonoma,2012,Under 18,hispanic,all,258,57.9
Sonoma,2012,Under 18,white,all,268,54.9
Sonoma,2013,Under 18,african-american,all,33,196.2
Sonoma,2013,under 18,all,all,560,54.2
Sonoma,2013,under 18,all,female,223,44.4
Sonoma,2013,under 18,all,male,337,63.2
Sonoma,2013,Under 18,asian/pacific islander,all,11,
Sonoma,2013,Under 18,hispanic,all,278,63.3
Sonoma,2013,Under 18,white,all,224,46.7
Sonoma,2014,Under 18,african-american,all,37,227.7
Sonoma,2014,under 18,all,all,572,55.2
Sonoma,2014,under 18,all,female,205,40.6
Sonoma,2014,under 18,all,male,367,68.8
Sonoma,2014,Under 18,american indian/alaskan native,all,5,
Sonoma,2014,Under 18,asian/pacific islander,all,12,34.6
Sonoma,2014,Under 18,hispanic,all,260,58.9
Sonoma,2014,Under 18,white,all,242,50
Sonoma,2015,Under 18,african-american,all,32,191.6
Sonoma,2015,under 18,all,all,586,56.9
Sonoma,2015,under 18,all,female,219,43.9
Sonoma,2015,under 18,all,male,367,69
Sonoma,2015,Under 18,asian/pacific islander,all,7,
Sonoma,2015,Under 18,hispanic,all,508,37
Sonoma,2015,Under 18,white,all,231,48.2
Stanislaus,2011,Under 18,african-american,all,88,277.3
Stanislaus,2011,under 18,all,all,1028,70.9
Stanislaus,2011,under 18,all,female,377,53.2
Stanislaus,2011,under 18,all,male,651,87.9
Stanislaus,2011,Under 18,asian/pacific islander,all,23,39.5
Stanislaus,2011,Under 18,hispanic,all,496,60.7
Stanislaus,2011,Under 18,white,all,362,74.8
Stanislaus,2012,Under 18,african-american,all,125,394.5
Stanislaus,2012,under 18,all,all,1086,75.4
Stanislaus,2012,under 18,all,female,406,57.8
Stanislaus,2012,under 18,all,male,680,92.2
Stanislaus,2012,Under 18,asian/pacific islander,all,26,43.7
Stanislaus,2012,Under 18,hispanic,all,547,67.3
Stanislaus,2012,Under 18,white,all,337,70.6
Stanislaus,2013,Under 18,african-american,all,150,475.4
Stanislaus,2013,under 18,all,all,1154,80.3
Stanislaus,2013,under 18,all,female,401,57.4
Stanislaus,2013,under 18,all,male,753,102
Stanislaus,2013,Under 18,asian/pacific islander,all,21,35.5
Stanislaus,2013,Under 18,hispanic,all,569,70.5
Stanislaus,2013,Under 18,white,all,374,78.3
Stanislaus,2014,Under 18,african-american,all,145,454.2
Stanislaus,2014,under 18,all,all,1359,94.4
Stanislaus,2014,under 18,all,female,485,69.3
Stanislaus,2014,under 18,all,male,874,118
Stanislaus,2014,Under 18,asian/pacific islander,all,14,23.6
Stanislaus,2014,Under 18,hispanic,all,689,85
Stanislaus,2014,Under 18,white,all,454,94.3
Stanislaus,2015,Under 18,african-american,all,147,465.4
Stanislaus,2015,under 18,all,all,1236,85.8
Stanislaus,2015,under 18,all,female,416,59.4
Stanislaus,2015,under 18,all,male,820,110.9
Stanislaus,2015,Under 18,asian/pacific islander,all,20,32.1
Stanislaus,2015,Under 18,hispanic,all,1296,53.1
Stanislaus,2015,Under 18,white,all,392,81.6
Sutter,2011,under 18,all,all,77,30.2
Sutter,2011,under 18,all,female,21,16.8
Sutter,2011,under 18,all,male,56,43.1
Sutter,2011,Under 18,hispanic,all,33,31.6
Sutter,2011,Under 18,white,all,36,36.5
Sutter,2012,under 18,all,all,81,31.7
Sutter,2012,under 18,all,female,26,21
Sutter,2012,under 18,all,male,55,42.1
Sutter,2012,Under 18,hispanic,all,34,32.9
Sutter,2012,Under 18,white,all,39,40
Sutter,2013,under 18,all,all,77,30.3
Sutter,2013,under 18,all,female,25,20.1
Sutter,2013,under 18,all,male,52,40
Sutter,2013,Under 18,asian/pacific islander,all,6,
Sutter,2013,Under 18,hispanic,all,27,26
Sutter,2013,Under 18,white,all,36,38.5
Sutter,2014,Under 18,african-american,all,7,
Sutter,2014,under 18,all,all,125,49.3
Sutter,2014,under 18,all,female,39,31.6
Sutter,2014,under 18,all,male,86,66.2
Sutter,2014,Under 18,asian/pacific islander,all,6,
Sutter,2014,Under 18,hispanic,all,65,64
Sutter,2014,Under 18,white,all,38,39.4
Sutter,2015,Under 18,african-american,all,10,
Sutter,2015,under 18,all,all,121,47.5
Sutter,2015,under 18,all,female,43,34.6
Sutter,2015,under 18,all,male,78,59.8
Sutter,2015,Under 18,asian/pacific islander,all,8,
Sutter,2015,Under 18,hispanic,all,91,27.9
Sutter,2015,Under 18,white,all,54,56
Tehama,2011,under 18,all,all,81,51
Tehama,2011,under 18,all,female,30,38.8
Tehama,2011,under 18,all,male,51,62.7
Tehama,2011,Under 18,hispanic,all,17,30.1
Tehama,2011,Under 18,white,all,59,65.1
Tehama,2012,under 18,all,all,105,68
Tehama,2012,under 18,all,female,40,52.6
Tehama,2012,under 18,all,male,65,82.6
Tehama,2012,Under 18,asian/pacific islander,all,5,
Tehama,2012,Under 18,hispanic,all,31,56.5
Tehama,2012,Under 18,white,all,60,68.5
Tehama,2013,under 18,all,all,86,57.1
Tehama,2013,under 18,all,female,35,47.7
Tehama,2013,under 18,all,male,51,65.6
Tehama,2013,Under 18,hispanic,all,23,41.4
Tehama,2013,Under 18,white,all,51,59.4
Tehama,2014,under 18,all,all,113,75.7
Tehama,2014,under 18,all,female,42,57.4
Tehama,2014,under 18,all,male,71,92.9
Tehama,2014,Under 18,hispanic,all,35,65.6
Tehama,2014,Under 18,white,all,73,85.4
Tehama,2015,under 18,all,all,128,85.3
Tehama,2015,under 18,all,female,51,69.8
Tehama,2015,under 18,all,male,77,99.7
Tehama,2015,Under 18,asian/pacific islander,all,6,
Tehama,2015,Under 18,hispanic,all,77,50.4
Tehama,2015,Under 18,white,all,79,93.4
Trinity,2011,under 18,all,all,18,75.8
Trinity,2011,under 18,all,female,9,
Trinity,2011,under 18,all,male,9,
Trinity,2011,Under 18,white,all,14,80.1
Trinity,2012,under 18,all,all,8,
Trinity,2012,under 18,all,male,5,
Trinity,2012,Under 18,white,all,7,
Trinity,2013,under 18,all,all,5,
Trinity,2013,Under 18,white,all,5,
Trinity,2014,under 18,all,all,15,70.3
Trinity,2014,Under 18,white,all,14,89.4
Trinity,2015,under 18,all,all,7,
Trinity,2015,Under 18,white,all,7,
Tulare,2011,Under 18,african-american,all,42,277.7
Tulare,2011,under 18,all,all,1076,74.1
Tulare,2011,under 18,all,female,387,54.6
Tulare,2011,under 18,all,male,689,92.6
Tulare,2011,Under 18,asian/pacific islander,all,8,
Tulare,2011,Under 18,hispanic,all,648,59.9
Tulare,2011,Under 18,white,all,169,57.5
Tulare,2012,Under 18,african-american,all,30,220.8
Tulare,2012,under 18,all,all,1064,73.4
Tulare,2012,under 18,all,female,362,51.4
Tulare,2012,under 18,all,male,702,94.3
Tulare,2012,Under 18,asian/pacific islander,all,8,
Tulare,2012,Under 18,hispanic,all,659,61.5
Tulare,2012,Under 18,white,all,178,60.1
Tulare,2013,Under 18,african-american,all,33,253
Tulare,2013,under 18,all,all,1097,75
Tulare,2013,under 18,all,female,360,50.9
Tulare,2013,under 18,all,male,737,97.6
Tulare,2013,Under 18,american indian/alaskan native,all,11,
Tulare,2013,Under 18,asian/pacific islander,all,10,
Tulare,2013,Under 18,hispanic,all,690,64.1
Tulare,2013,Under 18,white,all,187,61.9
Tulare,2014,Under 18,african-american,all,29,210.1
Tulare,2014,under 18,all,all,1126,77.2
Tulare,2014,under 18,all,female,367,51.9
Tulare,2014,under 18,all,male,759,101
Tulare,2014,Under 18,american indian/alaskan native,all,,
Tulare,2014,Under 18,asian/pacific islander,all,7,
Tulare,2014,Under 18,hispanic,all,672,62.5
Tulare,2014,Under 18,white,all,136,45.6
Tulare,2015,Under 18,african-american,all,28,218.4
Tulare,2015,under 18,all,all,1264,85.5
Tulare,2015,under 18,all,female,396,55.4
Tulare,2015,under 18,all,male,868,113.7
Tulare,2015,Under 18,american indian/alaskan native,all,9,
Tulare,2015,Under 18,asian/pacific islander,all,8,
Tulare,2015,Under 18,hispanic,all,1273,38.1
Tulare,2015,Under 18,white,all,124,40.8
Tuolumne,2011,under 18,all,all,73,78.6
Tuolumne,2011,under 18,all,female,41,90.7
Tuolumne,2011,under 18,all,male,32,66.9
Tuolumne,2011,Under 18,hispanic,all,7,
Tuolumne,2011,Under 18,white,all,64,92.3
Tuolumne,2012,under 18,all,all,75,82
Tuolumne,2012,under 18,all,female,36,79.9
Tuolumne,2012,under 18,all,male,39,83.9
Tuolumne,2012,Under 18,hispanic,all,10,
Tuolumne,2012,Under 18,white,all,62,91.4
Tuolumne,2013,under 18,all,all,72,80.8
Tuolumne,2013,under 18,all,female,41,93.9
Tuolumne,2013,under 18,all,male,31,68.5
Tuolumne,2013,Under 18,hispanic,all,10,
Tuolumne,2013,Under 18,white,all,42,65.6
Tuolumne,2014,under 18,all,all,68,76.2
Tuolumne,2014,under 18,all,female,37,84.8
Tuolumne,2014,under 18,all,male,31,68.9
Tuolumne,2014,Under 18,hispanic,all,11,
Tuolumne,2014,Under 18,white,all,53,80.8
Tuolumne,2015,under 18,all,all,54,60.9
Tuolumne,2015,under 18,all,female,22,49.8
Tuolumne,2015,under 18,all,male,32,72.9
Tuolumne,2015,Under 18,hispanic,all,15,22.5
Tuolumne,2015,Under 18,white,all,42,64.6
Ventura,2011,Under 18,african-american,all,48,193.3
Ventura,2011,under 18,all,all,1164,56.5
Ventura,2011,under 18,all,female,398,39.3
Ventura,2011,under 18,all,male,766,73.1
Ventura,2011,Under 18,asian/pacific islander,all,45,39
Ventura,2011,Under 18,hispanic,all,666,58.4
Ventura,2011,Under 18,white,all,373,53.7
Ventura,2012,Under 18,african-american,all,51,209.7
Ventura,2012,under 18,all,all,1210,59.4
Ventura,2012,under 18,all,female,405,40.4
Ventura,2012,under 18,all,male,805,77.4
Ventura,2012,Under 18,asian/pacific islander,all,33,28.8
Ventura,2012,Under 18,hispanic,all,723,63.5
Ventura,2012,Under 18,white,all,366,54.9
Ventura,2013,Under 18,african-american,all,53,227.4
Ventura,2013,under 18,all,all,1082,53.3
Ventura,2013,under 18,all,female,396,39.9
Ventura,2013,under 18,all,male,686,66
Ventura,2013,Under 18,asian/pacific islander,all,24,21
Ventura,2013,Under 18,hispanic,all,634,54.8
Ventura,2013,Under 18,white,all,345,53.3
Ventura,2014,Under 18,african-american,all,56,237.5
Ventura,2014,under 18,all,all,1250,61.6
Ventura,2014,under 18,all,female,499,50.3
Ventura,2014,under 18,all,male,751,72.2
Ventura,2014,Under 18,asian/pacific islander,all,32,28.5
Ventura,2014,Under 18,hispanic,all,771,66.9
Ventura,2014,Under 18,white,all,350,53.7
Ventura,2015,Under 18,african-american,all,74,318.1
Ventura,2015,under 18,all,all,1271,62.7
Ventura,2015,under 18,all,female,466,47.2
Ventura,2015,under 18,all,male,805,77.2
Ventura,2015,Under 18,asian/pacific islander,all,28,24.5
Ventura,2015,Under 18,hispanic,all,1443,37.4
Ventura,2015,Under 18,white,all,336,52.8
Yolo,2011,Under 18,african-american,all,9,
Yolo,2011,under 18,all,all,227,49.9
Yolo,2011,under 18,all,female,79,35.2
Yolo,2011,under 18,all,male,148,64.1
Yolo,2011,Under 18,asian/pacific islander,all,11,
Yolo,2011,Under 18,hispanic,all,106,51.8
Yolo,2011,Under 18,white,all,84,49.6
Yolo,2012,Under 18,african-american,all,33,292
Yolo,2012,under 18,all,all,251,56.5
Yolo,2012,under 18,all,female,90,41
Yolo,2012,under 18,all,male,161,71.4
Yolo,2012,Under 18,asian/pacific islander,all,9,
Yolo,2012,Under 18,hispanic,all,106,52.7
Yolo,2012,Under 18,white,all,84,51.2
Yolo,2013,Under 18,african-american,all,14,122.2
Yolo,2013,under 18,all,all,249,57.2
Yolo,2013,under 18,all,female,88,40.7
Yolo,2013,under 18,all,male,161,73.6
Yolo,2013,Under 18,asian/pacific islander,all,12,31.6
Yolo,2013,Under 18,hispanic,all,119,60.6
Yolo,2013,Under 18,white,all,79,49.8
Yolo,2014,Under 18,african-american,all,29,250.1
Yolo,2014,under 18,all,all,268,61.5
Yolo,2014,under 18,all,female,113,52.2
Yolo,2014,under 18,all,male,155,70.7
Yolo,2014,Under 18,asian/pacific islander,all,9,
Yolo,2014,Under 18,hispanic,all,141,72.4
Yolo,2014,Under 18,white,all,76,47.3
Yolo,2015,Under 18,african-american,all,20,175
Yolo,2015,under 18,all,all,291,67.7
Yolo,2015,under 18,all,female,104,48.6
Yolo,2015,under 18,all,male,187,85.8
Yolo,2015,Under 18,asian/pacific islander,all,23,66.1
Yolo,2015,Under 18,hispanic,all,313,48.7
Yolo,2015,Under 18,white,all,96,60.9
Yuba,2011,Under 18,african-american,all,5,
Yuba,2011,under 18,all,all,111,52.8
Yuba,2011,under 18,all,female,40,40.1
Yuba,2011,under 18,all,male,71,64.4
Yuba,2011,Under 18,asian/pacific islander,all,5,
Yuba,2011,Under 18,hispanic,all,37,48.2
Yuba,2011,Under 18,white,all,61,64.4
Yuba,2012,Under 18,african-american,all,7,
Yuba,2012,under 18,all,all,64,30.6
Yuba,2012,under 18,all,female,26,26
Yuba,2012,under 18,all,male,38,34.4
Yuba,2012,Under 18,hispanic,all,24,31.3
Yuba,2012,Under 18,white,all,27,28.2
Yuba,2013,under 18,all,all,97,46.7
Yuba,2013,under 18,all,female,32,32.3
Yuba,2013,under 18,all,male,65,59.6
Yuba,2013,Under 18,hispanic,all,28,38.8
Yuba,2013,Under 18,white,all,59,62.3
Yuba,2014,Under 18,african-american,all,5,
Yuba,2014,under 18,all,all,85,40.6
Yuba,2014,under 18,all,female,29,29.3
Yuba,2014,under 18,all,male,56,50.7
Yuba,2014,Under 18,hispanic,all,25,34.4
Yuba,2014,Under 18,white,all,54,54.4
Yuba,2015,Under 18,african-american,all,11,
Yuba,2015,under 18,all,all,131,62.5
Yuba,2015,under 18,all,female,43,43.9
Yuba,2015,under 18,all,male,88,78.8
Yuba,2015,Under 18,hispanic,all,62,29.2
Yuba,2015,Under 18,white,all,73,73.7
